SimaPro 7.3;Inventaire;Date:;04/03/2014;Heure:;16:48;;;
Projet;_Forest resources database;;;;;;;
;;;;;;;;
;;;;;;;;
Calculation: ;Analyser;;;;;;;
Results: ;Inventaire;;;;;;;
Product: ;1 m3 _Oak industrial roundwood, manually felled, 80% water on dry mass basis, in forest/FR U (of project _Forest resources database);;;;;;;
Méthode: ;;;;;;;;
Indicateur: ;Inventaire;;;;;;;
Unité: ;?;;;;;;;
Compartiment: ;Tous les compartiments;;;;;;;
Per sub-compartment: ;Oui;;;;;;;
Default units: ;Non;;;;;;;
Exclure les processus d'infrastructure: ;Non;;;;;;;
Exclure les émissions à long terme: ;Oui;;;;;;;
Sorted on item: ;Substance;;;;;;;
Sort order: ;Croissant;;;;;;;
;;;;;;;;
N°;Substance;Compartiment;Sous-compartiment;Unité;Total;_Oak industrial roundwood, manually felled, 80% water on dry mass basis, in forest/FR U;_Power sawing, without catalytic converter/hr/RER_357XP/Husqvarna U (2009);Operation, passenger car, diesel, fleet average/RER S
1;1-Butanol;Air;high. pop.;kg;2.76085E-14;x;2.52916E-14;2.31687E-15
2;1-Butanol;Eau;river;kg;8.25464E-10;x;8.16865E-10;8.59892E-12
3;1-Pentanol;Air;high. pop.;kg;1.03174E-14;x;9.47704E-15;8.40329E-16
4;1-Pentanol;Eau;river;kg;2.47617E-14;x;2.27449E-14;2.01677E-15
5;1-Pentene;Air;high. pop.;kg;7.79665E-15;x;7.16163E-15;6.35022E-16
6;1-Pentene;Eau;river;kg;1.87116E-14;x;1.71876E-14;1.52406E-15
7;1-Propanol;Air;high. pop.;kg;3.79713E-12;x;3.51656E-12;2.8057E-13
8;1-Propanol;Eau;river;kg;6.11568E-14;x;5.21149E-14;9.0419E-15
9;1,4-Butanediol;Air;high. pop.;kg;2.7449E-12;x;2.70455E-12;4.03548E-14
10;1,4-Butanediol;Eau;river;kg;1.09794E-12;x;1.0818E-12;1.61419E-14
11;2-Aminopropanol;Air;high. pop.;kg;2.40507E-15;x;1.8815E-15;5.2357E-16
12;2-Aminopropanol;Eau;river;kg;6.03557E-15;x;4.71901E-15;1.31656E-15
13;2-Butene, 2-methyl-;Air;high. pop.;kg;1.72938E-18;x;1.58853E-18;1.40855E-19
14;2-Methyl-1-propanol;Air;high. pop.;kg;3.45765E-14;x;3.12046E-14;3.3719E-15
15;2-Methyl-1-propanol;Eau;river;kg;8.2983E-14;x;7.48907E-14;8.09239E-15
16;2-Methyl-2-butene;Eau;river;kg;4.15057E-18;x;3.81251E-18;3.38058E-19
17;2-Nitrobenzoic acid;Air;high. pop.;kg;4.28178E-15;x;3.3402E-15;9.41583E-16
18;2-Propanol;Air;high. pop.;kg;4.89694E-08;x;4.84638E-08;5.05617E-10
19;2-Propanol;Eau;river;kg;3.40654E-14;x;2.96252E-14;4.44022E-15
20;2,4-D;Sol;agricultural;kg;2.17037E-10;x;1.96027E-10;2.10104E-11
21;4-Methyl-2-pentanone;Eau;;kg;7.10834E-14;x;6.77981E-14;3.28532E-15
22;Acenaphthene;Air;;kg;1.63095E-16;x;1.55557E-16;7.53787E-18
23;Acenaphthene;Air;high. pop.;kg;3.23103E-13;x;3.02714E-13;2.0389E-14
24;Acenaphthene;Air;low. pop.;kg;9.04652E-15;x;8.41525E-15;6.31269E-16
25;Acenaphthene;Eau;ocean;kg;1.26591E-10;x;1.1638E-10;1.0211E-11
26;Acenaphthene;Eau;river;kg;2.61292E-10;x;2.29871E-10;3.14209E-11
27;Acenaphthylene;Eau;ocean;kg;7.91684E-12;x;7.27824E-12;6.38599E-13
28;Acenaphthylene;Eau;river;kg;1.6341E-11;x;1.43759E-11;1.96507E-12
29;Acetaldehyde;Air;;kg;3.92977E-06;x;9.37009E-09;3.9204E-06
30;Acetaldehyde;Air;high. pop.;kg;5.27759E-08;x;4.82628E-08;4.51316E-09
31;Acetaldehyde;Air;low. pop.;kg;2.35142E-09;x;2.12359E-09;2.27827E-10
32;Acetaldehyde;Eau;river;kg;1.5193E-09;x;1.50117E-09;1.81245E-11
33;Acetic acid;Air;;kg;2.45869E-07;x;2.13096E-07;3.27736E-08
34;Acetic acid;Air;high. pop.;kg;3.73175E-07;x;3.46377E-07;2.67982E-08
35;Acetic acid;Air;low. pop.;kg;1.54468E-08;x;1.39502E-08;1.49665E-09
36;Acetic acid;Eau;river;kg;2.06995E-08;x;1.83653E-08;2.33422E-09
37;Acetone;Air;high. pop.;kg;1.09591E-07;x;1.04576E-07;5.01563E-09
38;Acetone;Air;low. pop.;kg;1.40071E-08;x;1.30401E-08;9.67007E-10
39;Acetone;Eau;;kg;1.69425E-13;x;1.61595E-13;7.83053E-15
40;Acetone;Eau;river;kg;1.94256E-12;x;1.50519E-12;4.37365E-13
41;Acetonitrile;Air;low. pop.;kg;6.46364E-10;x;5.83738E-10;6.26258E-11
42;Acetonitrile;Eau;river;kg;1.95566E-14;x;1.51344E-14;4.42216E-15
43;Acetyl chloride;Eau;river;kg;1.94517E-14;x;1.78674E-14;1.58432E-15
44;Acidity, unspecified;Eau;;kg;3.56498E-12;x;3.40021E-12;1.64762E-13
45;Acidity, unspecified;Eau;river;kg;1.77859E-08;x;1.66281E-08;1.1578E-09
46;Aclonifen;Sol;agricultural;kg;3.54368E-11;x;2.73711E-11;8.06565E-12
47;Acrolein;Air;;kg;9.44132E-14;x;9.00496E-14;4.36355E-15
48;Acrolein;Air;high. pop.;kg;1.21102E-10;x;1.07922E-10;1.31802E-11
49;Acrolein;Air;low. pop.;kg;1.93557E-11;x;1.81013E-11;1.25438E-12
50;Acrylate, ion;Eau;river;kg;2.99873E-10;x;2.96775E-10;3.09818E-12
51;Acrylic acid;Air;high. pop.;kg;1.267E-10;x;1.25391E-10;1.30905E-12
52;Actinides, radioactive, unspecified;Air;low. pop.;Bq;3.67564E-05;x;3.41917E-05;2.56473E-06
53;Actinides, radioactive, unspecified;Eau;ocean;Bq;0.005652988;x;0.005263887;0.000389101
54;Aerosols, radioactive, unspecified;Air;low. pop.;Bq;0.000843522;x;0.000787721;5.58006E-05
55;Aldehydes, unspecified;Air;;kg;6.94221E-13;x;6.62137E-13;3.20849E-14
56;Aldehydes, unspecified;Air;high. pop.;kg;2.95438E-09;x;2.59869E-09;3.55692E-10
57;Aldehydes, unspecified;Air;low. pop.;kg;1.55498E-09;x;1.44337E-09;1.11603E-10
58;Aldrin;Sol;agricultural;kg;3.25875E-12;x;3.22503E-12;3.37155E-14
59;Aluminium;Brut;in ground;kg;0.00027713;x;0.000270191;6.9398E-06
60;Aluminium;Air;;kg;8.02081E-06;x;7.62263E-06;3.98184E-07
61;Aluminium;Air;high. pop.;kg;8.09984E-07;x;8.02893E-07;7.09082E-09
62;Aluminium;Air;low. pop.;kg;6.873E-08;x;6.30956E-08;5.63441E-09
63;Aluminium;Eau;;kg;1.0548E-08;x;9.62446E-09;9.23559E-10
64;Aluminium;Eau;groundwater;kg;3.0326E-07;x;2.85936E-07;1.73237E-08
65;Aluminium;Eau;ocean;kg;3.87912E-06;x;3.50041E-06;3.78708E-07
66;Aluminium;Eau;river;kg;1.75362E-06;x;1.62604E-06;1.27585E-07
67;Aluminium;Sol;agricultural;kg;1.30277E-07;x;1.22984E-07;7.29266E-09
68;Aluminium;Sol;industrial;kg;2.86544E-05;x;2.59762E-05;2.67822E-06
69;Ammonia;Air;;kg;1.53755E-05;x;5.87837E-06;9.4971E-06
70;Ammonia;Air;high. pop.;kg;8.4921E-07;x;7.75411E-07;7.37994E-08
71;Ammonia;Air;low. pop.;kg;3.65971E-06;x;3.29935E-06;3.60366E-07
72;Ammonium carbonate;Air;high. pop.;kg;6.20641E-10;x;6.10752E-10;9.88908E-12
73;Ammonium, ion;Eau;;kg;2.08973E-10;x;1.99315E-10;9.65839E-12
74;Ammonium, ion;Eau;groundwater;kg;2.777E-08;x;2.60486E-08;1.72147E-09
75;Ammonium, ion;Eau;ocean;kg;2.7542E-06;x;2.53459E-06;2.19612E-07
76;Ammonium, ion;Eau;river;kg;2.67952E-06;x;2.35118E-06;3.28338E-07
77;Anhydrite;Brut;in ground;kg;2.85692E-08;x;2.81257E-08;4.4349E-10
78;Aniline;Air;high. pop.;kg;4.43017E-13;x;3.99427E-13;4.35895E-14
79;Aniline;Eau;river;kg;1.06498E-12;x;9.59978E-13;1.04997E-13
80;Anthranilic acid;Air;high. pop.;kg;3.12967E-15;x;2.44304E-15;6.86632E-16
81;Antimony;Air;;kg;9.50716E-12;x;8.43132E-12;1.07584E-12
82;Antimony;Air;high. pop.;kg;1.67316E-10;x;1.65596E-10;1.71978E-12
83;Antimony;Air;low. pop.;kg;6.24744E-09;x;6.06602E-09;1.81422E-10
84;Antimony;Eau;;kg;1.90804E-13;x;1.81986E-13;8.81864E-15
85;Antimony;Eau;groundwater;kg;1.51488E-08;x;1.41992E-08;9.49621E-10
86;Antimony;Eau;river;kg;4.01947E-08;x;3.94773E-08;7.17403E-10
87;Antimony;Sol;agricultural;kg;3.77509E-13;x;3.72834E-13;4.67498E-15
88;Antimony-122;Eau;river;Bq;1.91883E-06;x;1.52126E-06;3.97564E-07
89;Antimony-124;Air;low. pop.;Bq;4.75945E-09;x;3.77332E-09;9.86129E-10
90;Antimony-124;Eau;river;Bq;0.00092983;x;0.000856259;7.3571E-05
91;Antimony-125;Air;low. pop.;Bq;4.96688E-08;x;3.93779E-08;1.0291E-08
92;Antimony-125;Eau;river;Bq;0.000854886;x;0.000786965;6.79214E-05
93;AOX, Adsorbable Organic Halogen as Cl;Eau;;kg;4.92724E-09;x;4.91358E-09;1.36678E-11
94;AOX, Adsorbable Organic Halogen as Cl;Eau;ocean;kg;7.85788E-09;x;7.23134E-09;6.26542E-10
95;AOX, Adsorbable Organic Halogen as Cl;Eau;river;kg;4.28593E-08;x;3.90549E-08;3.80443E-09
96;Argon-41;Air;low. pop.;Bq;0.436362251;x;0.408505333;0.027856918
97;Arsenic;Air;;kg;5.71781E-11;x;5.07128E-11;6.4653E-12
98;Arsenic;Air;high. pop.;kg;2.37125E-08;x;2.20536E-08;1.65895E-09
99;Arsenic;Air;low. pop.;kg;6.45059E-08;x;6.28722E-08;1.6337E-09
100;Arsenic;Sol;agricultural;kg;5.32923E-11;x;5.12958E-11;1.99658E-12
101;Arsenic;Sol;industrial;kg;1.1462E-08;x;1.03907E-08;1.07131E-09
102;Arsenic, ion;Eau;;kg;8.44516E-10;x;7.75187E-10;6.93289E-11
103;Arsenic, ion;Eau;groundwater;kg;7.57756E-08;x;7.10174E-08;4.7582E-09
104;Arsenic, ion;Eau;lake;kg;5.87339E-15;x;5.81161E-15;6.1776E-17
105;Arsenic, ion;Eau;ocean;kg;1.38206E-08;x;1.27161E-08;1.1045E-09
106;Arsenic, ion;Eau;river;kg;1.29164E-07;x;1.20488E-07;8.67612E-09
107;Arsine;Air;high. pop.;kg;1.47687E-15;x;1.46161E-15;1.52588E-17
108;Atrazine;Sol;agricultural;kg;8.54927E-13;x;8.46082E-13;8.84485E-15
109;Barite;Eau;ocean;kg;0.000224264;x;0.0002064;1.78643E-05
110;Barium;Air;;kg;2.39325E-17;x;2.22321E-17;1.70042E-18
111;Barium;Air;high. pop.;kg;9.54294E-09;x;9.45962E-09;8.33211E-11
112;Barium;Air;low. pop.;kg;1.78562E-08;x;1.67177E-08;1.13857E-09
113;Barium;Eau;;kg;4.82629E-09;x;4.60322E-09;2.23064E-10
114;Barium;Eau;groundwater;kg;4.37135E-09;x;4.10254E-09;2.68814E-10
115;Barium;Eau;ocean;kg;1.77482E-05;x;1.63167E-05;1.43157E-06
116;Barium;Eau;river;kg;3.66494E-05;x;3.22432E-05;4.40622E-06
117;Barium;Sol;agricultural;kg;7.72274E-10;x;6.79334E-10;9.29402E-11
118;Barium;Sol;industrial;kg;1.43274E-05;x;1.29883E-05;1.33915E-06
119;Barium-140;Air;low. pop.;Bq;3.23087E-06;x;2.56145E-06;6.69423E-07
120;Barium-140;Eau;river;Bq;8.40554E-06;x;6.66398E-06;1.74156E-06
121;Baryte;Brut;in ground;kg;0.004912954;x;0.004460752;0.000452201
122;Basalt;Brut;in ground;kg;6.74515E-05;x;6.29541E-05;4.4974E-06
123;Benomyl;Sol;agricultural;kg;1.38222E-12;x;1.24829E-12;1.33927E-13
124;Bentazone;Sol;agricultural;kg;1.80852E-11;x;1.39688E-11;4.11639E-12
125;Benzal chloride;Air;;kg;1.19776E-17;x;1.1424E-17;5.5358E-19
126;Benzaldehyde;Air;high. pop.;kg;6.31847E-11;x;5.63079E-11;6.87677E-12
127;Benzene;Air;;kg;4.66199E-07;x;4.19005E-08;4.24298E-07
128;Benzene;Air;high. pop.;kg;8.76849E-06;x;8.04259E-06;7.25902E-07
129;Benzene;Air;low. pop.;kg;7.15025E-07;x;6.58813E-07;5.62113E-08
130;Benzene;Air;stratosphere + troposphere;kg;1.21433E-12;x;1.20394E-12;1.039E-14
131;Benzene;Eau;;kg;2.84337E-11;x;2.71196E-11;1.31415E-12
132;Benzene;Eau;ocean;kg;1.68006E-06;x;1.54456E-06;1.35501E-07
133;Benzene;Eau;river;kg;2.73624E-06;x;2.40684E-06;3.294E-07
134;Benzene, 1-methyl-2-nitro-;Air;high. pop.;kg;3.69756E-15;x;2.88444E-15;8.13116E-16
135;Benzene, 1,2-dichloro-;Air;high. pop.;kg;8.99232E-14;x;7.21989E-14;1.77244E-14
136;Benzene, 1,2-dichloro-;Eau;river;kg;3.53315E-10;x;3.49511E-10;3.80443E-12
137;Benzene, chloro-;Eau;river;kg;7.29104E-09;x;7.21331E-09;7.77334E-11
138;Benzene, ethyl-;Air;high. pop.;kg;6.72482E-06;x;6.5611E-06;1.63728E-07
139;Benzene, ethyl-;Air;low. pop.;kg;1.66877E-12;x;1.55233E-12;1.16447E-13
140;Benzene, ethyl-;Eau;;kg;1.59807E-12;x;1.52421E-12;7.38596E-14
141;Benzene, ethyl-;Eau;ocean;kg;4.8853E-07;x;4.49124E-07;3.94058E-08
142;Benzene, ethyl-;Eau;river;kg;1.00822E-06;x;8.86977E-07;1.21243E-07
143;Benzene, hexachloro-;Air;;kg;1.11081E-10;x;1.03019E-10;8.06193E-12
144;Benzene, hexachloro-;Air;high. pop.;kg;1.0193E-12;x;9.60333E-13;5.89715E-14
145;Benzene, pentachloro-;Air;high. pop.;kg;2.55815E-12;x;2.41015E-12;1.48001E-13
146;Benzo(a)pyrene;Air;;kg;6.5421E-10;x;6.29315E-10;2.48949E-11
147;Benzo(a)pyrene;Air;high. pop.;kg;2.96344E-11;x;2.79591E-11;1.67531E-12
148;Benzo(a)pyrene;Air;low. pop.;kg;2.36933E-09;x;2.21442E-09;1.54911E-10
149;Beryllium;Air;;kg;1.42615E-11;x;1.26477E-11;1.6138E-12
150;Beryllium;Air;high. pop.;kg;1.01509E-10;x;1.00298E-10;1.21126E-12
151;Beryllium;Air;low. pop.;kg;7.4129E-11;x;7.26654E-11;1.46368E-12
152;Beryllium;Eau;;kg;1.69961E-13;x;1.62106E-13;7.85514E-15
153;Beryllium;Eau;groundwater;kg;5.11563E-10;x;4.84188E-10;2.73753E-11
154;Beryllium;Eau;river;kg;3.10639E-11;x;2.89445E-11;2.11946E-12
155;BOD5, Biological Oxygen Demand;Eau;;kg;2.99409E-06;x;2.82317E-06;1.70918E-07
156;BOD5, Biological Oxygen Demand;Eau;groundwater;kg;5.53034E-09;x;5.18841E-09;3.41935E-10
157;BOD5, Biological Oxygen Demand;Eau;ocean;kg;0.002053153;x;0.001853158;0.000199995
158;BOD5, Biological Oxygen Demand;Eau;river;kg;0.011080446;x;0.010177601;0.000902845
159;Borate;Eau;river;kg;2.12112E-12;x;1.91506E-12;2.06068E-13
160;Borax;Brut;in ground;kg;3.658E-09;x;3.16501E-09;4.92993E-10
161;Boron;Air;;kg;1.38139E-16;x;1.28324E-16;9.8149E-18
162;Boron;Air;high. pop.;kg;3.64693E-08;x;3.6107E-08;3.62367E-10
163;Boron;Air;low. pop.;kg;1.21213E-06;x;1.13586E-06;7.62622E-08
164;Boron;Eau;;kg;5.32325E-11;x;5.07723E-11;2.46028E-12
165;Boron;Eau;groundwater;kg;8.18359E-07;x;7.97903E-07;2.04563E-08
166;Boron;Eau;ocean;kg;1.68653E-07;x;1.5523E-07;1.3423E-08
167;Boron;Eau;river;kg;2.76421E-07;x;2.45115E-07;3.13058E-08
168;Boron;Sol;;kg;1.20894E-08;x;1.08813E-08;1.20817E-09
169;Boron;Sol;agricultural;kg;2.14441E-10;x;1.88488E-10;2.59536E-11
170;Boron;Sol;industrial;kg;2.86544E-07;x;2.59762E-07;2.67822E-08
171;Boron trifluoride;Air;high. pop.;kg;2.02119E-17;x;2.00031E-17;2.0883E-19
172;Bromate;Eau;river;kg;7.05148E-08;x;6.53611E-08;5.15372E-09
173;Bromide;Eau;river;kg;3.48989E-10;x;3.14449E-10;3.45405E-11
174;Bromine;Brut;in water;kg;3.42875E-10;x;3.08931E-10;3.39439E-11
175;Bromine;Air;;kg;1.13293E-16;x;1.0526E-16;8.0329E-18
176;Bromine;Air;high. pop.;kg;3.50119E-09;x;3.32725E-09;1.7394E-10
177;Bromine;Air;low. pop.;kg;1.32549E-07;x;1.24214E-07;8.33459E-09
178;Bromine;Eau;;kg;3.6344E-09;x;3.46643E-09;1.67974E-10
179;Bromine;Eau;groundwater;kg;3.49802E-08;x;3.27777E-08;2.20249E-09
180;Bromine;Eau;ocean;kg;1.42462E-05;x;1.30971E-05;1.14914E-06
181;Bromine;Eau;river;kg;2.96735E-05;x;2.6121E-05;3.55249E-06
182;Butadiene;Air;;kg;2.6843E-12;x;2.66133E-12;2.29668E-14
183;Butadiene;Air;high. pop.;kg;6.64932E-15;x;6.10775E-15;5.41576E-16
184;Butadiene;Air;low. pop.;kg;1.89295E-13;x;1.87675E-13;1.61966E-15
185;Butadiene;Air;stratosphere + troposphere;kg;1.15044E-12;x;1.14059E-12;9.84323E-15
186;Butane;Air;;kg;1.71425E-10;x;1.63502E-10;7.92295E-12
187;Butane;Air;high. pop.;kg;5.81023E-05;x;5.10749E-05;7.02744E-06
188;Butane;Air;low. pop.;kg;1.72274E-06;x;1.59694E-06;1.25799E-07
189;Butene;Air;high. pop.;kg;1.34124E-06;x;1.17762E-06;1.63615E-07
190;Butene;Eau;river;kg;4.03372E-09;x;4.03028E-09;3.43759E-12
191;Butyl acetate;Eau;river;kg;1.07302E-09;x;1.06185E-09;1.11716E-11
192;Butyrolactone;Air;high. pop.;kg;7.59178E-13;x;7.51195E-13;7.98279E-15
193;Butyrolactone;Eau;river;kg;1.82205E-12;x;1.80289E-12;1.91585E-14
194;Cadmium;Brut;in ground;kg;2.70074E-08;x;1.8039E-08;8.96843E-09
195;Cadmium;Air;;kg;1.76418E-09;x;4.13981E-10;1.35019E-09
196;Cadmium;Air;high. pop.;kg;5.22814E-08;x;4.85313E-08;3.75008E-09
197;Cadmium;Air;low. pop.;kg;1.28266E-08;x;1.24396E-08;3.86959E-10
198;Cadmium;Air;stratosphere + troposphere;kg;6.08694E-16;x;6.03486E-16;5.20808E-18
199;Cadmium;Sol;;kg;1.84813E-10;x;9.00636E-12;1.75806E-10
200;Cadmium;Sol;agricultural;kg;1.19528E-10;x;1.14118E-10;5.41062E-12
201;Cadmium, ion;Eau;;kg;3.93449E-09;x;3.4657E-09;4.68791E-10
202;Cadmium, ion;Eau;groundwater;kg;7.22558E-10;x;6.95036E-10;2.75223E-11
203;Cadmium, ion;Eau;lake;kg;4.98878E-15;x;4.93631E-15;5.24721E-17
204;Cadmium, ion;Eau;ocean;kg;5.54744E-09;x;5.10845E-09;4.38993E-10
205;Cadmium, ion;Eau;river;kg;6.41122E-09;x;5.73733E-09;6.73885E-10
206;Calcite;Brut;in ground;kg;0.011819098;x;0.01079154;0.001027558
207;Calcium;Air;high. pop.;kg;4.86155E-07;x;4.59126E-07;2.70283E-08
208;Calcium;Air;low. pop.;kg;8.85616E-09;x;8.14541E-09;7.10746E-10
209;Calcium;Sol;agricultural;kg;1.45237E-06;x;1.36582E-06;8.65487E-08
210;Calcium;Sol;industrial;kg;0.00011462;x;0.000103907;1.07131E-05
211;Calcium, ion;Eau;;kg;5.45159E-08;x;5.19963E-08;2.51959E-09
212;Calcium, ion;Eau;groundwater;kg;3.70252E-05;x;3.48716E-05;2.15363E-06
213;Calcium, ion;Eau;lake;kg;1.77111E-08;x;1.71527E-08;5.58378E-10
214;Calcium, ion;Eau;ocean;kg;0.000645061;x;0.000593037;5.20241E-05
215;Calcium, ion;Eau;river;kg;0.001317483;x;0.00116134;0.000156143
216;Carbetamide;Sol;agricultural;kg;6.64316E-12;x;5.17184E-12;1.47131E-12
217;Carbofuran;Sol;agricultural;kg;7.57808E-10;x;6.84384E-10;7.34241E-11
218;Carbon;Sol;agricultural;kg;5.57479E-07;x;5.23292E-07;3.41864E-08
219;Carbon;Sol;industrial;kg;8.59641E-05;x;7.79292E-05;8.03485E-06
220;Carbon-14;Air;low. pop.;Bq;3.449026728;x;3.1980064;0.251020328
221;Carbon dioxide, biogenic;Air;;kg;0.000269686;x;0.000248343;2.13433E-05
222;Carbon dioxide, biogenic;Air;high. pop.;kg;0.00453765;x;0.004291392;0.000246258
223;Carbon dioxide, biogenic;Air;low. pop.;kg;0.000948259;x;0.000909409;3.88499E-05
224;Carbon dioxide, fossil;Air;;kg;0.371801545;x;0.024661217;0.347140328
225;Carbon dioxide, fossil;Air;high. pop.;kg;0.341541216;x;0.3188382;0.022703016
226;Carbon dioxide, fossil;Air;low. pop.;kg;1.060305442;x;1.032551213;0.02775423
227;Carbon dioxide, fossil;Air;stratosphere + troposphere;kg;1.91734E-07;x;1.90094E-07;1.64054E-09
228;Carbon dioxide, in air;Brut;in air;kg;0.006040105;x;0.005734341;0.000305764
229;Carbon dioxide, land transformation;Air;low. pop.;kg;1.87122E-05;x;1.72339E-05;1.47825E-06
230;Carbon disulfide;Air;;kg;2.22149E-18;x;2.11882E-18;1.02673E-19
231;Carbon disulfide;Air;high. pop.;kg;1.24578E-12;x;1.17818E-12;6.76009E-14
232;Carbon disulfide;Air;low. pop.;kg;1.2845E-06;x;1.25604E-06;2.84571E-08
233;Carbon disulfide;Eau;river;kg;1.07704E-12;x;1.01241E-12;6.46265E-14
234;Carbon monoxide, biogenic;Air;high. pop.;kg;5.80176E-07;x;5.52696E-07;2.74798E-08
235;Carbon monoxide, biogenic;Air;low. pop.;kg;1.26997E-05;x;1.26718E-05;2.78888E-08
236;Carbon monoxide, fossil;Air;;kg;0.000650517;x;0.000337033;0.000313483
237;Carbon monoxide, fossil;Air;high. pop.;kg;9.87602E-05;x;9.32877E-05;5.47241E-06
238;Carbon monoxide, fossil;Air;low. pop.;kg;0.367038518;x;0.36699614;4.23785E-05
239;Carbon monoxide, fossil;Air;stratosphere + troposphere;kg;2.25211E-10;x;2.23284E-10;1.927E-12
240;Carbon, in organic matter, in soil;Brut;in ground;kg;9.57183E-07;x;8.6444E-07;9.27437E-08
241;Carbonate;Eau;river;kg;5.42127E-07;x;5.31782E-07;1.03441E-08
242;Carboxylic acids, unspecified;Eau;ocean;kg;0.00011464;x;0.000105395;9.24445E-06
243;Carboxylic acids, unspecified;Eau;river;kg;0.000154588;x;0.000135998;1.85902E-05
244;Cerium-141;Air;low. pop.;Bq;7.83239E-07;x;6.20957E-07;1.62282E-07
245;Cerium-141;Eau;river;Bq;3.36067E-06;x;2.66437E-06;6.96299E-07
246;Cerium-144;Eau;river;Bq;1.02309E-06;x;8.1111E-07;2.11981E-07
247;Cesium;Eau;ocean;kg;2.03519E-08;x;1.87103E-08;1.64162E-09
248;Cesium;Eau;river;kg;4.20077E-08;x;3.69563E-08;5.05139E-09
249;Cesium-134;Air;low. pop.;Bq;3.75123E-08;x;2.974E-08;7.77228E-09
250;Cesium-134;Eau;river;Bq;0.000784078;x;0.000731016;5.30616E-05
251;Cesium-136;Eau;river;Bq;5.96457E-07;x;4.72877E-07;1.2358E-07
252;Cesium-137;Air;low. pop.;Bq;6.64971E-07;x;5.27195E-07;1.37776E-07
253;Cesium-137;Eau;ocean;Bq;0.647785532;x;0.603197467;0.044588066
254;Cesium-137;Eau;river;Bq;0.002638331;x;0.002326529;0.000311801
255;Chloramine;Air;high. pop.;kg;4.11504E-14;x;3.71148E-14;4.03566E-15
256;Chloramine;Eau;river;kg;3.69701E-13;x;3.33119E-13;3.65819E-14
257;Chlorate;Eau;river;kg;5.93326E-07;x;5.49506E-07;4.38197E-08
258;Chloride;Eau;;kg;6.3245E-06;x;5.76712E-06;5.57386E-07
259;Chloride;Eau;groundwater;kg;0.000367008;x;0.000344228;2.27791E-05
260;Chloride;Eau;ocean;kg;0.01021118;x;0.009387565;0.000823615
261;Chloride;Eau;river;kg;0.021305735;x;0.018753571;0.002552164
262;Chloride;Sol;;kg;1.63932E-05;x;9.63378E-06;6.75938E-06
263;Chloride;Sol;agricultural;kg;1.43666E-08;x;1.35375E-08;8.29139E-10
264;Chloride;Sol;industrial;kg;0.000100289;x;9.09153E-05;9.37405E-06
265;Chlorinated solvents, unspecified;Eau;ocean;kg;3.51383E-12;x;3.51383E-12;4.16402E-18
266;Chlorinated solvents, unspecified;Eau;river;kg;5.47443E-10;x;5.15933E-10;3.15094E-11
267;Chlorine;Air;;kg;4.95888E-11;x;4.91366E-11;4.52254E-13
268;Chlorine;Air;high. pop.;kg;3.43853E-07;x;3.13507E-07;3.03462E-08
269;Chlorine;Air;low. pop.;kg;4.58458E-10;x;4.25787E-10;3.26709E-11
270;Chlorine;Eau;river;kg;7.63965E-09;x;7.29614E-09;3.43511E-10
271;Chloroacetic acid;Air;high. pop.;kg;6.84055E-12;x;5.04067E-12;1.79988E-12
272;Chloroacetic acid;Eau;river;kg;4.06942E-10;x;3.14079E-10;9.28623E-11
273;Chloroacetyl chloride;Eau;river;kg;8.04951E-15;x;6.29366E-15;1.75585E-15
274;Chloroform;Air;;kg;1.01078E-18;x;9.64061E-19;4.67162E-20
275;Chloroform;Air;high. pop.;kg;1.53636E-10;x;1.49364E-10;4.2722E-12
276;Chloroform;Air;low. pop.;kg;1.73908E-12;x;1.61773E-12;1.2135E-13
277;Chloroform;Eau;river;kg;1.67704E-11;x;1.65955E-11;1.74949E-13
278;Chlorosilane, trimethyl-;Air;high. pop.;kg;3.55995E-11;x;3.33541E-11;2.24534E-12
279;Chlorosulfonic acid;Air;high. pop.;kg;2.85178E-14;x;2.20693E-14;6.44849E-15
280;Chlorosulfonic acid;Eau;river;kg;7.11164E-14;x;5.50356E-14;1.60808E-14
281;Chlorothalonil;Sol;agricultural;kg;2.38776E-10;x;2.24539E-10;1.42372E-11
282;Chromium;Brut;in ground;kg;0.001096857;x;0.001093965;2.8921E-06
283;Chromium;Air;;kg;2.99846E-08;x;1.39206E-08;1.6064E-08
284;Chromium;Air;high. pop.;kg;2.96389E-08;x;2.77057E-08;1.9332E-09
285;Chromium;Air;low. pop.;kg;3.77173E-06;x;3.76226E-06;9.46753E-09
286;Chromium;Air;stratosphere + troposphere;kg;3.04348E-15;x;3.01744E-15;2.60404E-17
287;Chromium;Sol;;kg;8.81404E-10;x;4.29522E-11;8.38452E-10
288;Chromium;Sol;agricultural;kg;1.15034E-09;x;1.08065E-09;6.96954E-11
289;Chromium;Sol;industrial;kg;1.43274E-07;x;1.29883E-07;1.33915E-08
290;Chromium-51;Air;low. pop.;Bq;5.01897E-08;x;3.97907E-08;1.0399E-08
291;Chromium-51;Eau;river;Bq;0.001036965;x;0.000883084;0.000153881
292;Chromium VI;Air;;kg;1.2924E-11;x;2.4471E-12;1.04769E-11
293;Chromium VI;Air;high. pop.;kg;5.03301E-10;x;4.81854E-10;2.14477E-11
294;Chromium VI;Air;low. pop.;kg;9.43829E-08;x;9.41393E-08;2.43513E-10
295;Chromium VI;Eau;;kg;1.42575E-09;x;1.31157E-09;1.14183E-10
296;Chromium VI;Eau;groundwater;kg;4.48339E-08;x;4.20108E-08;2.82305E-09
297;Chromium VI;Eau;river;kg;5.96188E-07;x;5.56016E-07;4.01725E-08
298;Chromium VI;Sol;;kg;6.82873E-08;x;6.14589E-08;6.82843E-09
299;Chromium, ion;Eau;;kg;1.14255E-08;x;9.77555E-09;1.6499E-09
300;Chromium, ion;Eau;groundwater;kg;2.99022E-11;x;2.51762E-11;4.72597E-12
301;Chromium, ion;Eau;ocean;kg;9.76444E-08;x;8.98718E-08;7.77264E-09
302;Chromium, ion;Eau;river;kg;7.25623E-08;x;6.18408E-08;1.07216E-08
303;Chrysotile;Brut;in ground;kg;1.33696E-08;x;1.23843E-08;9.85314E-10
304;Cinnabar;Brut;in ground;kg;1.25093E-09;x;1.1597E-09;9.12264E-11
305;Clay;Brut;in ground;kg;0.006271569;x;0.005964388;0.00030718
306;Clay, bentonite;Brut;in ground;kg;0.00041479;x;0.000378127;3.66633E-05
307;Coal, brown;Brut;in ground;kg;0.04722558;x;0.044246905;0.002978675
308;Coal, hard;Brut;in ground;kg;0.038492438;x;0.03611874;0.002373698
309;Cobalt;Brut;in ground;kg;1.09235E-08;x;7.78706E-09;3.13643E-09
310;Cobalt;Air;;kg;1.90272E-11;x;1.6875E-11;2.15221E-12
311;Cobalt;Air;high. pop.;kg;5.71012E-08;x;5.32079E-08;3.89331E-09
312;Cobalt;Air;low. pop.;kg;4.78501E-08;x;4.75236E-08;3.26479E-10
313;Cobalt;Eau;;kg;3.75736E-13;x;3.5837E-13;1.73655E-14
314;Cobalt;Eau;groundwater;kg;5.41771E-09;x;5.11672E-09;3.00984E-10
315;Cobalt;Eau;ocean;kg;1.95137E-11;x;1.81706E-11;1.34317E-12
316;Cobalt;Eau;river;kg;2.4711E-08;x;2.31349E-08;1.57606E-09
317;Cobalt;Sol;agricultural;kg;9.38383E-11;x;8.89613E-11;4.877E-12
318;Cobalt-57;Eau;river;Bq;1.89335E-05;x;1.50106E-05;3.92288E-06
319;Cobalt-58;Air;low. pop.;Bq;6.98919E-08;x;5.54109E-08;1.4481E-08
320;Cobalt-58;Eau;river;Bq;0.007575724;x;0.00672155;0.000854174
321;Cobalt-60;Air;low. pop.;Bq;6.17418E-07;x;4.89492E-07;1.27927E-07
322;Cobalt-60;Eau;river;Bq;0.00595262;x;0.005240316;0.000712304
323;COD, Chemical Oxygen Demand;Eau;;kg;4.52058E-06;x;4.34553E-06;1.75043E-07
324;COD, Chemical Oxygen Demand;Eau;groundwater;kg;5.53034E-09;x;5.18841E-09;3.41935E-10
325;COD, Chemical Oxygen Demand;Eau;ocean;kg;0.002087605;x;0.001884866;0.000202739
326;COD, Chemical Oxygen Demand;Eau;river;kg;0.011151733;x;0.010240744;0.000910989
327;Colemanite;Brut;in ground;kg;7.25097E-07;x;7.07149E-07;1.79475E-08
328;Copper;Air;;kg;8.86426E-07;x;1.61057E-08;8.70321E-07
329;Copper;Air;high. pop.;kg;1.00813E-07;x;9.40755E-08;6.73761E-09
330;Copper;Air;low. pop.;kg;2.84963E-07;x;2.78601E-07;6.36244E-09
331;Copper;Air;stratosphere + troposphere;kg;1.03475E-13;x;1.0259E-13;8.85334E-16
332;Copper;Sol;;kg;5.49985E-08;x;3.89714E-08;1.6027E-08
333;Copper;Sol;agricultural;kg;1.99672E-09;x;1.91811E-09;7.86134E-11
334;Copper;Sol;industrial;kg;6.42806E-10;x;5.56052E-10;8.67541E-11
335;Copper, 0.99% in sulfide, Cu 0.36% and Mo 8.2E-3% in crude ore, in ground;Brut;in ground;kg;9.32303E-06;x;9.07207E-06;2.50967E-07
336;Copper, 1.18% in sulfide, Cu 0.39% and Mo 8.2E-3% in crude ore, in ground;Brut;in ground;kg;5.12617E-05;x;4.98807E-05;1.38095E-06
337;Copper, 1.42% in sulfide, Cu 0.81% and Mo 8.2E-3% in crude ore, in ground;Brut;in ground;kg;1.35978E-05;x;1.32315E-05;3.66315E-07
338;Copper, 2.19% in sulfide, Cu 1.83% and Mo 8.2E-3% in crude ore, in ground;Brut;in ground;kg;6.80329E-05;x;6.62104E-05;1.82254E-06
339;Copper, ion;Eau;;kg;2.22156E-08;x;9.67021E-09;1.25454E-08
340;Copper, ion;Eau;groundwater;kg;5.04263E-09;x;4.83115E-09;2.11485E-10
341;Copper, ion;Eau;lake;kg;2.26436E-13;x;2.24055E-13;2.38167E-15
342;Copper, ion;Eau;ocean;kg;2.8032E-08;x;2.63622E-08;1.66987E-09
343;Copper, ion;Eau;river;kg;4.89184E-08;x;4.62837E-08;2.63467E-09
344;Cumene;Air;;kg;9.07116E-20;x;8.65191E-20;4.19252E-21
345;Cumene;Air;high. pop.;kg;8.37054E-08;x;7.31824E-08;1.05229E-08
346;Cumene;Air;low. pop.;kg;9.66134E-14;x;8.98718E-14;6.74168E-15
347;Cumene;Eau;river;kg;2.01146E-07;x;1.75859E-07;2.52862E-08
348;Cyanide;Air;;kg;4.27632E-17;x;4.07868E-17;1.9764E-18
349;Cyanide;Air;high. pop.;kg;4.47376E-09;x;4.2184E-09;2.55358E-10
350;Cyanide;Air;low. pop.;kg;4.36537E-08;x;4.33884E-08;2.65255E-10
351;Cyanide;Eau;;kg;8.40775E-09;x;7.7162E-09;6.91554E-10
352;Cyanide;Eau;ocean;kg;8.69692E-08;x;8.10177E-08;5.95151E-09
353;Cyanide;Eau;river;kg;1.2617E-07;x;1.16433E-07;9.737E-09
354;Cyanoacetic acid;Air;high. pop.;kg;2.3355E-14;x;1.8074E-14;5.28102E-15
355;Cypermethrin;Sol;agricultural;kg;1.07156E-10;x;9.67563E-11;1.03999E-11
356;Diatomite;Brut;in ground;kg;1.05892E-11;x;7.52804E-12;3.06118E-12
357;Dichromate;Eau;river;kg;1.78092E-09;x;1.60297E-09;1.77952E-10
358;Diethylamine;Air;high. pop.;kg;1.97806E-13;x;1.78182E-13;1.96241E-14
359;Diethylamine;Eau;river;kg;4.7474E-13;x;4.27643E-13;4.70969E-14
360;Dimethyl malonate;Air;high. pop.;kg;2.9287E-14;x;2.26646E-14;6.62235E-15
361;Dimethylamine;Eau;river;kg;3.78104E-13;x;3.17424E-13;6.06801E-14
362;Dinitrogen monoxide;Air;;kg;1.47375E-05;x;1.67992E-06;1.30576E-05
363;Dinitrogen monoxide;Air;high. pop.;kg;4.06994E-06;x;3.76535E-06;3.04595E-07
364;Dinitrogen monoxide;Air;low. pop.;kg;4.5248E-06;x;4.04505E-06;4.7975E-07
365;Dinitrogen monoxide;Air;stratosphere + troposphere;kg;1.82605E-12;x;1.81042E-12;1.56242E-14
366;Dioxin, 2,3,7,8 Tetrachlorodibenzo-p-;Air;;kg;9.30604E-14;x;8.54992E-14;7.56124E-15
367;Dioxin, 2,3,7,8 Tetrachlorodibenzo-p-;Air;high. pop.;kg;1.47062E-14;x;1.37954E-14;9.10776E-16
368;Dioxin, 2,3,7,8 Tetrachlorodibenzo-p-;Air;low. pop.;kg;4.28255E-14;x;4.10257E-14;1.79988E-15
369;Dipropylamine;Air;high. pop.;kg;1.24979E-13;x;1.12751E-13;1.22286E-14
370;Dipropylamine;Eau;river;kg;2.99958E-13;x;2.70608E-13;2.93494E-14
371;DOC, Dissolved Organic Carbon;Eau;;kg;1.4936E-06;x;1.46625E-06;2.73523E-08
372;DOC, Dissolved Organic Carbon;Eau;lake;kg;2.40509E-09;x;2.0994E-09;3.05693E-10
373;DOC, Dissolved Organic Carbon;Eau;ocean;kg;0.000682707;x;0.000618178;6.45291E-05
374;DOC, Dissolved Organic Carbon;Eau;river;kg;0.003294596;x;0.003016646;0.00027795
375;Dolomite;Brut;in ground;kg;3.72806E-05;x;3.46773E-05;2.60333E-06
376;Energy, gross calorific value, in biomass;Brut;biotic;MJ;0.059312008;x;0.056471608;0.0028404
377;Energy, gross calorific value, in biomass, primary forest;Brut;biotic;MJ;6.63616E-05;x;5.99317E-05;6.4299E-06
378;Energy, kinetic (in wind), converted;Brut;in air;MJ;0.019610468;x;0.018388652;0.001221816
379;Energy, potential (in hydropower reservoir), converted;Brut;in water;MJ;0.17703095;x;0.166954373;0.010076577
380;Energy, solar, converted;Brut;in air;MJ;0.00027968;x;0.000260429;1.92506E-05
381;Ethane;Air;;kg;2.53623E-10;x;2.41901E-10;1.17219E-11
382;Ethane;Air;high. pop.;kg;1.4512E-05;x;1.27862E-05;1.7258E-06
383;Ethane;Air;low. pop.;kg;1.12506E-05;x;1.06578E-05;5.92814E-07
384;Ethane, 1,1-difluoro-, HFC-152a;Air;high. pop.;kg;1.02912E-10;x;9.58648E-11;7.04709E-12
385;Ethane, 1,1,1-trichloro-, HCFC-140;Air;;kg;1.86976E-18;x;1.78334E-18;8.64159E-20
386;Ethane, 1,1,1-trichloro-, HCFC-140;Air;low. pop.;kg;3.54835E-13;x;3.30075E-13;2.47603E-14
387;Ethane, 1,1,1,2-tetrafluoro-, HFC-134a;Air;;kg;1.92386E-08;x;1.07619E-08;8.47676E-09
388;Ethane, 1,1,1,2-tetrafluoro-, HFC-134a;Air;high. pop.;kg;1.42791E-11;x;1.41024E-11;1.76633E-13
389;Ethane, 1,1,1,2-tetrafluoro-, HFC-134a;Air;low. pop.;kg;8.15142E-11;x;7.55689E-11;5.94531E-12
390;Ethane, 1,1,2-trichloro-1,2,2-trifluoro-, CFC-113;Air;high. pop.;kg;6.01306E-12;x;5.95094E-12;6.21266E-14
391;Ethane, 1,2-dichloro-;Air;high. pop.;kg;1.38426E-08;x;1.30808E-08;7.61754E-10
392;Ethane, 1,2-dichloro-;Air;low. pop.;kg;7.08786E-13;x;6.59327E-13;4.94587E-14
393;Ethane, 1,2-dichloro-;Eau;river;kg;7.71862E-10;x;7.11577E-10;6.02852E-11
394;Ethane, 1,2-dichloro-1,1,2,2-tetrafluoro-, CFC-114;Air;low. pop.;kg;1.40709E-09;x;1.30152E-09;1.05578E-10
395;Ethane, hexafluoro-, HFC-116;Air;;kg;4.71161E-09;x;4.56689E-09;1.44716E-10
396;Ethane, hexafluoro-, HFC-116;Air;high. pop.;kg;4.1694E-10;x;4.12484E-10;4.45527E-12
397;Ethanol;Air;high. pop.;kg;1.00209E-07;x;9.14592E-08;8.75012E-09
398;Ethanol;Air;low. pop.;kg;4.80339E-10;x;4.43957E-10;3.63818E-11
399;Ethanol;Eau;river;kg;1.90711E-09;x;1.88595E-09;2.11645E-11
400;Ethene;Air;high. pop.;kg;2.98402E-06;x;2.64787E-06;3.36146E-07
401;Ethene;Air;low. pop.;kg;3.47127E-07;x;3.30892E-07;1.62351E-08
402;Ethene;Eau;river;kg;8.05525E-08;x;6.99994E-08;1.0553E-08
403;Ethene, chloro-;Air;;kg;6.84959E-19;x;6.53301E-19;3.16582E-20
404;Ethene, chloro-;Air;high. pop.;kg;6.27544E-09;x;6.05075E-09;2.24693E-10
405;Ethene, chloro-;Eau;river;kg;3.87359E-11;x;3.68011E-11;1.93479E-12
406;Ethene, tetrachloro-;Air;;kg;1.48099E-15;x;1.41254E-15;6.8449E-17
407;Ethene, tetrachloro-;Air;high. pop.;kg;1.05345E-13;x;9.9222E-14;6.12325E-15
408;Ethene, tetrachloro-;Air;low. pop.;kg;7.62367E-13;x;7.09169E-13;5.3198E-14
409;Ethyl acetate;Air;high. pop.;kg;2.27458E-07;x;2.2509E-07;2.36821E-09
410;Ethyl acetate;Eau;river;kg;6.33258E-13;x;5.81968E-13;5.12894E-14
411;Ethyl cellulose;Air;high. pop.;kg;4.59981E-10;x;4.55229E-10;4.75165E-12
412;Ethylamine;Air;high. pop.;kg;2.38799E-14;x;2.16436E-14;2.23631E-15
413;Ethylamine;Eau;river;kg;5.73119E-14;x;5.19448E-14;5.36707E-15
414;Ethylene diamine;Air;high. pop.;kg;2.58775E-13;x;2.31479E-13;2.72957E-14
415;Ethylene diamine;Eau;river;kg;6.23022E-13;x;5.57109E-13;6.59136E-14
416;Ethylene oxide;Air;;kg;2.59485E-11;x;2.57264E-11;2.2202E-13
417;Ethylene oxide;Air;high. pop.;kg;1.16585E-09;x;1.03155E-09;1.34294E-10
418;Ethylene oxide;Air;low. pop.;kg;1.82987E-12;x;1.81421E-12;1.56566E-14
419;Ethylene oxide;Air;stratosphere + troposphere;kg;1.11202E-11;x;1.10251E-11;9.51498E-14
420;Ethylene oxide;Eau;river;kg;1.43185E-10;x;1.41346E-10;1.83883E-12
421;Ethyne;Air;;kg;2.53085E-10;x;2.40688E-10;1.2397E-11
422;Ethyne;Air;high. pop.;kg;3.78509E-08;x;3.75189E-08;3.32003E-10
423;Ethyne;Air;low. pop.;kg;7.54211E-09;x;6.90056E-09;6.41555E-10
424;Feldspar;Brut;in ground;kg;5.77196E-11;x;5.54845E-11;2.23507E-12
425;Fenpiclonil;Sol;agricultural;kg;1.062E-11;x;9.78155E-12;8.38487E-13
426;Fluoride;Eau;;kg;5.66076E-08;x;5.19847E-08;4.62293E-09
427;Fluoride;Eau;groundwater;kg;2.34256E-07;x;2.21443E-07;1.28123E-08
428;Fluoride;Eau;ocean;kg;2.22783E-06;x;2.04998E-06;1.77846E-07
429;Fluoride;Eau;river;kg;3.52964E-06;x;3.2123E-06;3.17343E-07
430;Fluoride;Sol;;kg;4.62105E-08;x;4.1592E-08;4.6185E-09
431;Fluoride;Sol;industrial;kg;1.43274E-06;x;1.29883E-06;1.33915E-07
432;Fluorine;Air;;kg;2.86194E-12;x;2.6714E-12;1.9054E-13
433;Fluorine;Air;high. pop.;kg;1.72107E-09;x;1.6219E-09;9.91652E-11
434;Fluorine;Air;low. pop.;kg;1.93929E-08;x;1.92052E-08;1.87637E-10
435;Fluorine, 4.5% in apatite, 1% in crude ore, in ground;Brut;in ground;kg;3.07947E-06;x;2.82808E-06;2.51392E-07
436;Fluorine, 4.5% in apatite, 3% in crude ore, in ground;Brut;in ground;kg;1.35924E-06;x;1.24786E-06;1.1138E-07
437;Fluorspar;Brut;in ground;kg;9.07478E-05;x;8.34513E-05;7.29655E-06
438;Fluosilicic acid;Air;high. pop.;kg;5.50668E-09;x;5.33755E-09;1.69135E-10
439;Fluosilicic acid;Eau;river;kg;9.91217E-09;x;9.60774E-09;3.04436E-10
440;Formaldehyde;Air;;kg;7.33884E-06;x;6.77883E-08;7.27106E-06
441;Formaldehyde;Air;high. pop.;kg;2.47422E-07;x;2.31094E-07;1.63278E-08
442;Formaldehyde;Air;low. pop.;kg;6.19961E-08;x;5.79372E-08;4.05885E-09
443;Formaldehyde;Air;stratosphere + troposphere;kg;9.58743E-12;x;9.5054E-12;8.20304E-14
444;Formaldehyde;Eau;;kg;4.92724E-07;x;4.91358E-07;1.36678E-09
445;Formaldehyde;Eau;river;kg;2.53746E-10;x;2.42911E-10;1.08354E-11
446;Formamide;Air;high. pop.;kg;1.88693E-14;x;1.73325E-14;1.53688E-15
447;Formamide;Eau;river;kg;4.52882E-14;x;4.15995E-14;3.68864E-15
448;Formate;Eau;river;kg;6.63969E-12;x;5.34598E-12;1.29372E-12
449;Formic acid;Air;high. pop.;kg;2.84635E-10;x;2.81695E-10;2.93937E-12
450;Formic acid;Air;low. pop.;kg;4.32311E-09;x;3.90425E-09;4.18863E-10
451;Formic acid;Eau;river;kg;1.31463E-14;x;1.20756E-14;1.07074E-15
452;Furan;Air;;kg;1.45508E-19;x;1.38783E-19;6.72504E-21
453;Furan;Air;low. pop.;kg;1.22759E-09;x;1.10865E-09;1.1894E-10
454;Gallium;Brut;in ground;kg;7.92564E-13;x;7.38265E-13;5.42992E-14
455;Gas, mine, off-gas, process, coal mining/m3;Brut;in ground;m3;0.00037316;x;0.000349965;2.31952E-05
456;Gas, natural/m3;Brut;in ground;m3;0.080126926;x;0.071358388;0.008768538
457;Glutaraldehyde;Eau;ocean;kg;2.76867E-08;x;2.54814E-08;2.20532E-09
458;Glyphosate;Sol;agricultural;kg;1.89047E-09;x;1.58408E-09;3.06384E-10
459;Glyphosate;Sol;industrial;kg;3.62527E-09;x;2.63875E-09;9.86518E-10
460;Gold;Brut;in ground;kg;9.89288E-10;x;9.79068E-10;1.02207E-11
461;Gold, Au 1.1E-4%, Ag 4.2E-3%, in ore, in ground;Brut;in ground;kg;4.50559E-10;x;4.45904E-10;4.65498E-12
462;Gold, Au 1.3E-4%, Ag 4.6E-5%, in ore, in ground;Brut;in ground;kg;8.26229E-10;x;8.17693E-10;8.53625E-12
463;Gold, Au 2.1E-4%, Ag 2.1E-4%, in ore, in ground;Brut;in ground;kg;1.51103E-09;x;1.49542E-09;1.5611E-11
464;Gold, Au 4.3E-4%, in ore, in ground;Brut;in ground;kg;3.74488E-10;x;3.70619E-10;3.86906E-12
465;Gold, Au 4.9E-5%, in ore, in ground;Brut;in ground;kg;8.9696E-10;x;8.87693E-10;9.26675E-12
466;Gold, Au 6.7E-4%, in ore, in ground;Brut;in ground;kg;1.38864E-09;x;1.3743E-09;1.43466E-11
467;Gold, Au 7.1E-4%, in ore, in ground;Brut;in ground;kg;1.56583E-09;x;1.54966E-09;1.61772E-11
468;Gold, Au 9.7E-4%, Ag 9.7E-4%, Zn 0.63%, Cu 0.38%, Pb 0.014%, in ore, in ground;Brut;in ground;kg;9.38275E-11;x;9.28582E-11;9.6938E-13
469;Granite;Brut;in ground;kg;3.38777E-13;x;3.30277E-13;8.49995E-15
470;Gravel;Brut;in ground;kg;0.059126137;x;0.049013973;0.010112164
471;Gypsum;Brut;in ground;kg;4.22142E-08;x;3.70991E-08;5.11513E-09
472;Heat, waste;Air;;MJ;5.664304133;x;0.674704133;4.9896
473;Heat, waste;Air;high. pop.;MJ;5.266752883;x;4.940893867;0.325859016
474;Heat, waste;Air;low. pop.;MJ;3.533966435;x;3.107720533;0.426245902
475;Heat, waste;Air;stratosphere + troposphere;MJ;2.77562E-06;x;2.75187E-06;2.37494E-08
476;Heat, waste;Eau;;MJ;0.002091959;x;0.002045735;0.000046224
477;Heat, waste;Eau;ocean;MJ;2.10848E-05;x;1.95868E-05;1.49808E-06
478;Heat, waste;Eau;river;MJ;1.192958456;x;1.103598193;0.089360262
479;Heat, waste;Sol;;MJ;0.009857097;x;0.008599694;0.001257403
480;Heat, waste;Sol;industrial;MJ;0.000347483;x;0.000319611;2.78729E-05
481;Helium;Air;;kg;6.72247E-16;x;6.1798E-16;5.42673E-17
482;Helium;Air;low. pop.;kg;2.72512E-06;x;2.09828E-06;6.26843E-07
483;Heptane;Air;high. pop.;kg;1.33957E-05;x;1.17595E-05;1.63613E-06
484;Hexane;Air;;kg;1.46804E-10;x;1.40018E-10;6.78506E-12
485;Hexane;Air;high. pop.;kg;3.22486E-05;x;2.87393E-05;3.50929E-06
486;Hexane;Air;low. pop.;kg;3.32101E-08;x;3.08258E-08;2.38432E-09
487;Hydrocarbons, aliphatic, alkanes, cyclic;Air;high. pop.;kg;1.50534E-09;x;1.32588E-09;1.79457E-10
488;Hydrocarbons, aliphatic, alkanes, cyclic;Air;low. pop.;kg;1.02761E-11;x;9.55905E-12;7.17067E-13
489;Hydrocarbons, aliphatic, alkanes, unspecified;Air;;kg;1.34498E-06;x;1.22653E-06;1.18448E-07
490;Hydrocarbons, aliphatic, alkanes, unspecified;Air;high. pop.;kg;0.00014174;x;0.000141553;1.87637E-07
491;Hydrocarbons, aliphatic, alkanes, unspecified;Air;low. pop.;kg;6.37772E-07;x;6.04335E-07;3.34375E-08
492;Hydrocarbons, aliphatic, alkanes, unspecified;Eau;ocean;kg;2.64577E-06;x;2.43236E-06;2.13415E-07
493;Hydrocarbons, aliphatic, alkanes, unspecified;Eau;river;kg;5.461E-06;x;4.80431E-06;6.56693E-07
494;Hydrocarbons, aliphatic, unsaturated;Air;;kg;4.25869E-17;x;3.95612E-17;3.02577E-18
495;Hydrocarbons, aliphatic, unsaturated;Air;high. pop.;kg;2.57651E-05;x;2.57578E-05;7.3463E-09
496;Hydrocarbons, aliphatic, unsaturated;Air;low. pop.;kg;1.85098E-07;x;1.73372E-07;1.17258E-08
497;Hydrocarbons, aliphatic, unsaturated;Eau;ocean;kg;2.44225E-07;x;2.24525E-07;1.97003E-08
498;Hydrocarbons, aliphatic, unsaturated;Eau;river;kg;5.04092E-07;x;4.43474E-07;6.06181E-08
499;Hydrocarbons, aromatic;Air;;kg;4.29023E-07;x;3.97921E-07;3.11022E-08
500;Hydrocarbons, aromatic;Air;high. pop.;kg;2.60089E-05;x;2.60035E-05;5.39044E-09
501;Hydrocarbons, aromatic;Air;low. pop.;kg;2.38063E-07;x;2.26556E-07;1.15075E-08
502;Hydrocarbons, aromatic;Eau;ocean;kg;1.1206E-05;x;1.03028E-05;9.03252E-07
503;Hydrocarbons, aromatic;Eau;river;kg;2.20722E-05;x;1.94109E-05;2.66123E-06
504;Hydrocarbons, chlorinated;Air;;kg;9.1268E-09;x;8.78418E-09;3.42626E-10
505;Hydrocarbons, chlorinated;Air;high. pop.;kg;6.44898E-09;x;6.43399E-09;1.49964E-11
506;Hydrocarbons, chlorinated;Air;low. pop.;kg;3.60107E-12;x;3.34978E-12;2.51286E-13
507;Hydrocarbons, unspecified;Eau;;kg;3.67356E-08;x;3.3909E-08;2.82659E-09
508;Hydrocarbons, unspecified;Eau;ocean;kg;4.27169E-06;x;3.93661E-06;3.35083E-07
509;Hydrocarbons, unspecified;Eau;river;kg;2.70406E-07;x;2.59835E-07;1.05716E-08
510;Hydrogen;Air;;kg;1.45617E-08;x;1.26209E-08;1.94081E-09
511;Hydrogen;Air;high. pop.;kg;2.64328E-06;x;2.44001E-06;2.0327E-07
512;Hydrogen-3, Tritium;Air;low. pop.;Bq;19.89932372;x;18.54698667;1.352337049
513;Hydrogen-3, Tritium;Eau;ocean;Bq;1345.845709;x;1253.208267;92.63744262
514;Hydrogen-3, Tritium;Eau;river;Bq;144.0660669;x;134.04048;10.02558689
515;Hydrogen chloride;Air;;kg;1.89493E-06;x;1.73048E-06;1.64452E-07
516;Hydrogen chloride;Air;high. pop.;kg;5.55919E-06;x;5.353E-06;2.06191E-07
517;Hydrogen chloride;Air;low. pop.;kg;8.61039E-06;x;8.06875E-06;5.41647E-07
518;Hydrogen chloride;Air;stratosphere + troposphere;kg;5.23472E-14;x;5.18994E-14;4.47899E-16
519;Hydrogen fluoride;Air;;kg;2.43692E-07;x;2.3129E-07;1.24016E-08
520;Hydrogen fluoride;Air;high. pop.;kg;3.4013E-07;x;3.21265E-07;1.88646E-08
521;Hydrogen fluoride;Air;low. pop.;kg;1.76965E-06;x;1.65706E-06;1.12596E-07
522;Hydrogen peroxide;Air;high. pop.;kg;3.40864E-10;x;3.37331E-10;3.53337E-12
523;Hydrogen peroxide;Eau;river;kg;2.91632E-09;x;2.87856E-09;3.77593E-11
524;Hydrogen sulfide;Air;;kg;2.01622E-07;x;1.86735E-07;1.48874E-08
525;Hydrogen sulfide;Air;high. pop.;kg;2.37855E-10;x;2.09564E-10;2.82907E-11
526;Hydrogen sulfide;Air;low. pop.;kg;8.58407E-07;x;8.25404E-07;3.30037E-08
527;Hydrogen sulfide;Eau;river;kg;1.0578E-08;x;9.72307E-09;8.54882E-10
528;Hydroxide;Eau;river;kg;9.50632E-09;x;9.40238E-09;1.03938E-10
529;Hypochlorite;Eau;ocean;kg;4.06732E-08;x;3.80992E-08;2.57394E-09
530;Hypochlorite;Eau;river;kg;3.8816E-08;x;3.63601E-08;2.45585E-09
531;Indium;Brut;in ground;kg;4.8912E-10;x;3.36964E-10;1.52156E-10
532;Iodide;Eau;groundwater;kg;4.25044E-09;x;3.98278E-09;2.67663E-10
533;Iodide;Eau;ocean;kg;2.03519E-06;x;1.87103E-06;1.64162E-07
534;Iodide;Eau;river;kg;4.20528E-06;x;3.6999E-06;5.05387E-07
535;Iodine;Brut;in water;kg;1.16946E-10;x;1.05384E-10;1.15615E-11
536;Iodine;Air;;kg;5.76325E-17;x;5.35377E-17;4.09479E-18
537;Iodine;Air;high. pop.;kg;8.60609E-10;x;8.53304E-10;7.30452E-12
538;Iodine;Air;low. pop.;kg;7.12978E-08;x;6.68091E-08;4.48873E-09
539;Iodine-129;Air;low. pop.;Bq;0.003480327;x;0.003240779;0.000239548
540;Iodine-131;Air;low. pop.;Bq;0.17262178;x;0.161690587;0.010931193
541;Iodine-131;Eau;river;Bq;0.000169695;x;0.000155109;1.45862E-05
542;Iodine-133;Air;low. pop.;Bq;8.14429E-06;x;7.0397E-06;1.10459E-06
543;Iodine-133;Eau;river;Bq;5.27683E-06;x;4.18352E-06;1.09331E-06
544;Iodine-135;Air;low. pop.;Bq;9.28571E-06;x;8.62595E-06;6.59756E-07
545;Iron;Brut;in ground;kg;0.011121116;x;0.010206462;0.000914654
546;Iron;Air;;kg;9.06163E-08;x;8.42684E-08;6.34792E-09
547;Iron;Air;high. pop.;kg;6.0424E-07;x;5.80809E-07;2.34307E-08
548;Iron;Air;low. pop.;kg;5.19063E-08;x;4.95161E-08;2.39016E-09
549;Iron;Sol;;kg;7.08042E-06;x;5.20369E-06;1.87672E-06
550;Iron;Sol;agricultural;kg;4.14355E-07;x;3.94256E-07;2.00986E-08
551;Iron;Sol;industrial;kg;5.73093E-05;x;5.19527E-05;5.35662E-06
552;Iron-59;Eau;river;Bq;1.4507E-06;x;1.15012E-06;3.00576E-07
553;Iron, ion;Eau;;kg;2.61162E-06;x;2.37089E-06;2.40734E-07
554;Iron, ion;Eau;groundwater;kg;7.61416E-05;x;7.13515E-05;4.79007E-06
555;Iron, ion;Eau;ocean;kg;1.0906E-06;x;1.00277E-06;8.78323E-08
556;Iron, ion;Eau;river;kg;5.7223E-06;x;5.18802E-06;5.34281E-07
557;Isocyanic acid;Air;high. pop.;kg;1.77654E-09;x;1.57453E-09;2.02013E-10
558;Isoprene;Air;;kg;1.94381E-18;x;1.85398E-18;8.98383E-20
559;Isoprene;Air;low. pop.;kg;5.69644E-11;x;5.1445E-11;5.51933E-12
560;Isopropylamine;Air;high. pop.;kg;6.15271E-15;x;5.35076E-15;8.01944E-16
561;Isopropylamine;Eau;river;kg;1.47666E-14;x;1.28419E-14;1.9247E-15
562;Kaolinite;Brut;in ground;kg;1.85704E-06;x;1.79317E-06;6.38634E-08
563;Kieserite;Brut;in ground;kg;4.04015E-09;x;3.21206E-09;8.28094E-10
564;Krypton-85;Air;low. pop.;Bq;1.366300694;x;1.278746333;0.087554361
565;Krypton-85m;Air;low. pop.;Bq;0.068402521;x;0.057386344;0.011016177
566;Krypton-87;Air;low. pop.;Bq;0.026946781;x;0.023757948;0.003188833
567;Krypton-88;Air;low. pop.;Bq;0.026660281;x;0.023009527;0.003650754
568;Krypton-89;Air;low. pop.;Bq;0.006901058;x;0.005627154;0.001273904
569;Lactic acid;Air;high. pop.;kg;9.79042E-14;x;8.83252E-14;9.57907E-15
570;Lactic acid;Eau;river;kg;2.34969E-13;x;2.11979E-13;2.29898E-14
571;Lanthanum-140;Air;low. pop.;Bq;2.76132E-07;x;2.1892E-07;5.72117E-08
572;Lanthanum-140;Eau;river;Bq;8.9526E-06;x;7.09765E-06;1.85494E-06
573;Lead;Brut;in ground;kg;4.17112E-06;x;3.37396E-06;7.97164E-07
574;Lead;Air;;kg;9.01095E-08;x;4.27701E-08;4.73394E-08
575;Lead;Air;high. pop.;kg;1.05011E-07;x;9.58395E-08;9.17132E-09
576;Lead;Air;low. pop.;kg;2.31552E-07;x;2.27123E-07;4.42853E-09
577;Lead;Air;stratosphere + troposphere;kg;1.21743E-15;x;1.20701E-15;1.04163E-17
578;Lead;Eau;;kg;1.51277E-08;x;7.30513E-09;7.82256E-09
579;Lead;Eau;groundwater;kg;3.50779E-10;x;3.3914E-10;1.16389E-11
580;Lead;Eau;lake;kg;1.47819E-14;x;1.46264E-14;1.55476E-16
581;Lead;Eau;ocean;kg;1.52021E-07;x;1.39923E-07;1.20983E-08
582;Lead;Eau;river;kg;1.28518E-07;x;1.12293E-07;1.62248E-08
583;Lead;Sol;;kg;7.60575E-09;x;3.70636E-10;7.23511E-09
584;Lead;Sol;agricultural;kg;5.79721E-10;x;5.5046E-10;2.92609E-11
585;Lead-210;Air;;Bq;2.39325E-11;x;2.22321E-11;1.70042E-12
586;Lead-210;Air;high. pop.;Bq;0.00351002;x;0.003480263;2.97567E-05
587;Lead-210;Air;low. pop.;Bq;0.018369731;x;0.017181501;0.00118823
588;Lead-210;Eau;;Bq;4.90645E-06;x;4.67968E-06;2.26765E-07
589;Lead-210;Eau;groundwater;Bq;2.97193E-05;x;2.72925E-05;2.42681E-06
590;Lead-210;Eau;ocean;Bq;0.035085106;x;0.032213899;0.002871207
591;Lead-210;Eau;river;Bq;0.008100889;x;0.007595007;0.000505883
592;Linuron;Sol;agricultural;kg;2.73722E-10;x;2.11576E-10;6.2146E-11
593;Lithium;Brut;in ground;kg;5.459E-13;x;5.01437E-13;4.44624E-14
594;Lithium, ion;Eau;;kg;1.82254E-08;x;1.7383E-08;8.42329E-10
595;Lithium, ion;Eau;river;kg;8.63867E-13;x;7.93508E-13;7.03593E-14
596;m-Xylene;Air;high. pop.;kg;4.10935E-09;x;3.87274E-09;2.36609E-10
597;m-Xylene;Eau;;kg;5.13613E-13;x;4.89874E-13;2.37388E-14
598;m-Xylene;Eau;river;kg;4.78486E-14;x;4.40815E-14;3.76708E-15
599;Magnesite;Brut;in ground;kg;0.000163902;x;0.000151934;1.1968E-05
600;Magnesium;Brut;in water;kg;0.000106548;x;0.000106548;1.26264E-10
601;Magnesium;Air;;kg;3.51736E-13;x;3.3548E-13;1.62567E-14
602;Magnesium;Air;high. pop.;kg;2.99643E-07;x;2.96386E-07;3.25664E-09
603;Magnesium;Air;low. pop.;kg;2.49246E-08;x;2.2891E-08;2.03359E-09
604;Magnesium;Eau;;kg;1.06358E-08;x;1.01443E-08;4.91577E-10
605;Magnesium;Eau;groundwater;kg;1.42725E-05;x;1.34242E-05;8.48296E-07
606;Magnesium;Eau;ocean;kg;0.000112275;x;0.00010323;9.04509E-06
607;Magnesium;Eau;river;kg;0.000220489;x;0.000193875;2.6614E-05
608;Magnesium;Sol;agricultural;kg;1.59131E-07;x;1.49953E-07;9.1777E-09
609;Magnesium;Sol;industrial;kg;2.29235E-05;x;2.07808E-05;2.14265E-06
610;Mancozeb;Sol;agricultural;kg;3.10119E-10;x;2.91628E-10;1.8491E-11
611;Manganese;Brut;in ground;kg;2.19E-05;x;2.06102E-05;1.2898E-06
612;Manganese;Air;;kg;1.20527E-08;x;1.11741E-08;8.78677E-10
613;Manganese;Air;high. pop.;kg;9.21296E-09;x;8.75469E-09;4.58274E-10
614;Manganese;Air;low. pop.;kg;3.71098E-08;x;3.62236E-08;8.86131E-10
615;Manganese;Eau;;kg;1.19127E-08;x;1.09967E-08;9.15999E-10
616;Manganese;Eau;groundwater;kg;7.15027E-07;x;6.71764E-07;4.32637E-08
617;Manganese;Eau;ocean;kg;8.98812E-07;x;8.26403E-07;7.24096E-08
618;Manganese;Eau;river;kg;1.90386E-06;x;1.68289E-06;2.20975E-07
619;Manganese;Sol;agricultural;kg;9.18223E-08;x;8.64386E-08;5.38371E-09
620;Manganese;Sol;industrial;kg;1.1462E-06;x;1.03907E-06;1.07131E-07
621;Manganese-54;Air;low. pop.;Bq;2.57024E-08;x;2.0377E-08;5.32546E-09
622;Manganese-54;Eau;river;Bq;0.000466506;x;0.00041446;5.20454E-05
623;Mercury;Air;;kg;1.32683E-08;x;1.22903E-08;9.77931E-10
624;Mercury;Air;high. pop.;kg;4.92544E-09;x;4.56067E-09;3.64774E-10
625;Mercury;Air;low. pop.;kg;1.09781E-08;x;9.47817E-09;1.49998E-09
626;Mercury;Air;stratosphere + troposphere;kg;4.26082E-18;x;4.22436E-18;3.64562E-20
627;Mercury;Eau;;kg;6.67237E-10;x;6.15456E-10;5.17816E-11
628;Mercury;Eau;groundwater;kg;7.38693E-11;x;6.92642E-11;4.60505E-12
629;Mercury;Eau;lake;kg;1.27866E-16;x;1.26522E-16;1.34488E-18
630;Mercury;Eau;ocean;kg;4.36606E-10;x;4.01844E-10;3.47618E-11
631;Mercury;Eau;river;kg;4.34221E-10;x;4.08568E-10;2.56527E-11
632;Mercury;Sol;agricultural;kg;2.99902E-12;x;2.87973E-12;1.19296E-13
633;Metaldehyde;Sol;agricultural;kg;1.312E-12;x;1.03131E-12;2.80694E-13
634;Metamorphous rock, graphite containing;Brut;in ground;kg;5.54783E-07;x;5.45142E-07;9.64068E-09
635;Methane, biogenic;Air;;kg;4.34214E-06;x;4.05208E-06;2.9006E-07
636;Methane, biogenic;Air;high. pop.;kg;1.76016E-07;x;1.71979E-07;4.03708E-09
637;Methane, biogenic;Air;low. pop.;kg;4.88106E-06;x;4.73434E-06;1.46721E-07
638;Methane, bromo-, Halon 1001;Air;;kg;2.73987E-18;x;2.61324E-18;1.26631E-19
639;Methane, bromochlorodifluoro-, Halon 1211;Air;low. pop.;kg;1.66703E-09;x;1.61012E-09;5.69071E-11
640;Methane, bromotrifluoro-, Halon 1301;Air;high. pop.;kg;5.03514E-16;x;3.57953E-16;1.45561E-16
641;Methane, bromotrifluoro-, Halon 1301;Air;low. pop.;kg;3.51163E-08;x;3.00056E-08;5.1107E-09
642;Methane, chlorodifluoro-, HCFC-22;Air;high. pop.;kg;2.3438E-10;x;2.29103E-10;5.27748E-12
643;Methane, chlorodifluoro-, HCFC-22;Air;low. pop.;kg;6.37273E-09;x;6.14021E-09;2.32519E-10
644;Methane, dichloro-, HCC-30;Air;high. pop.;kg;6.95539E-12;x;6.61717E-12;3.38217E-13
645;Methane, dichloro-, HCC-30;Air;low. pop.;kg;5.14689E-12;x;4.78774E-12;3.59144E-13
646;Methane, dichloro-, HCC-30;Eau;river;kg;7.25431E-07;x;6.57627E-07;6.78045E-08
647;Methane, dichlorodifluoro-, CFC-12;Air;;kg;1.82164E-18;x;1.73744E-18;8.41922E-20
648;Methane, dichlorodifluoro-, CFC-12;Air;high. pop.;kg;2.28043E-10;x;2.27792E-10;2.5079E-13
649;Methane, dichlorodifluoro-, CFC-12;Air;low. pop.;kg;8.1402E-12;x;7.74671E-12;3.93492E-13
650;Methane, dichlorofluoro-, HCFC-21;Air;high. pop.;kg;4.06252E-14;x;4.01227E-14;5.02536E-16
651;Methane, fossil;Air;;kg;5.96626E-06;x;9.78075E-07;4.98818E-06
652;Methane, fossil;Air;high. pop.;kg;0.000122811;x;0.00011632;6.49151E-06
653;Methane, fossil;Air;low. pop.;kg;0.002027007;x;0.001635675;0.000391332
654;Methane, fossil;Air;stratosphere + troposphere;kg;3.04348E-12;x;3.01744E-12;2.60404E-14
655;Methane, monochloro-, R-40;Air;high. pop.;kg;5.67484E-13;x;5.34353E-13;3.31312E-14
656;Methane, monochloro-, R-40;Air;low. pop.;kg;9.39798E-12;x;8.74221E-12;6.55772E-13
657;Methane, tetrachloro-, CFC-10;Air;;kg;8.14553E-16;x;7.76907E-16;3.7646E-17
658;Methane, tetrachloro-, CFC-10;Air;high. pop.;kg;7.43906E-10;x;6.9149E-10;5.24154E-11
659;Methane, tetrafluoro-, CFC-14;Air;;kg;4.24055E-08;x;4.1103E-08;1.30246E-09
660;Methane, tetrafluoro-, CFC-14;Air;high. pop.;kg;5.29281E-12;x;4.93039E-12;3.6242E-13
661;Methane, trichlorofluoro-, CFC-11;Air;high. pop.;kg;6.59516E-14;x;6.51358E-14;8.15825E-16
662;Methane, trifluoro-, HFC-23;Air;high. pop.;kg;1.2926E-11;x;1.27661E-11;1.59897E-13
663;Methanesulfonic acid;Air;high. pop.;kg;2.3601E-14;x;1.82644E-14;5.33662E-15
664;Methanol;Air;;kg;1.23905E-07;x;1.07387E-07;1.65178E-08
665;Methanol;Air;high. pop.;kg;1.40257E-07;x;1.27188E-07;1.30696E-08
666;Methanol;Air;low. pop.;kg;5.03685E-06;x;5.02808E-06;8.7634E-09
667;Methanol;Eau;;kg;1.47814E-07;x;1.47404E-07;4.10028E-10
668;Methanol;Eau;ocean;kg;2.03444E-08;x;1.97495E-08;5.94938E-10
669;Methanol;Eau;river;kg;5.35279E-09;x;5.2936E-09;5.91893E-11
670;Methyl acetate;Air;high. pop.;kg;9.91496E-16;x;7.7346E-16;2.18036E-16
671;Methyl acetate;Eau;river;kg;2.37953E-15;x;1.85626E-15;5.23269E-16
672;Methyl acrylate;Air;high. pop.;kg;1.43753E-10;x;1.42268E-10;1.48525E-12
673;Methyl acrylate;Eau;river;kg;2.80829E-09;x;2.77927E-09;2.90148E-11
674;Methyl amine;Air;high. pop.;kg;3.4597E-13;x;3.3507E-13;1.09004E-14
675;Methyl amine;Eau;river;kg;8.30292E-13;x;8.04131E-13;2.61608E-14
676;Methyl borate;Air;high. pop.;kg;4.0813E-15;x;3.73149E-15;3.49814E-16
677;Methyl ethyl ketone;Air;high. pop.;kg;2.27458E-07;x;2.25089E-07;2.36821E-09
678;Methyl formate;Air;high. pop.;kg;5.62505E-13;x;5.56343E-13;6.16273E-15
679;Methyl formate;Eau;river;kg;2.2457E-13;x;2.2211E-13;2.46045E-15
680;Methyl lactate;Air;high. pop.;kg;1.0748E-13;x;9.69641E-14;1.05164E-14
681;Metolachlor;Sol;agricultural;kg;1.97601E-09;x;1.52625E-09;4.49758E-10
682;Metribuzin;Sol;agricultural;kg;1.09196E-11;x;1.02685E-11;6.51098E-13
683;Mineral oil;Sol;forestry;kg;0.18;x;0.18;x
684;Molybdenum;Brut;in ground;kg;6.09219E-07;x;5.77097E-07;3.2122E-08
685;Molybdenum;Air;;kg;1.38358E-13;x;1.29064E-13;9.29437E-15
686;Molybdenum;Air;high. pop.;kg;2.72733E-08;x;2.53943E-08;1.87902E-09
687;Molybdenum;Air;low. pop.;kg;1.07213E-09;x;1.00429E-09;6.78329E-11
688;Molybdenum;Eau;;kg;3.8962E-13;x;3.71612E-13;1.80077E-14
689;Molybdenum;Eau;groundwater;kg;1.04787E-07;x;9.83627E-08;6.42476E-09
690;Molybdenum;Eau;ocean;kg;4.21627E-09;x;3.88069E-09;3.35579E-10
691;Molybdenum;Eau;river;kg;4.40305E-08;x;4.09184E-08;3.11217E-09
692;Molybdenum;Sol;agricultural;kg;2.43201E-11;x;2.32353E-11;1.08482E-12
693;Molybdenum-99;Eau;river;Bq;3.08666E-06;x;2.44713E-06;6.39537E-07
694;Molybdenum, 0.010% in sulfide, Mo 8.2E-3% and Cu 1.83% in crude ore, in ground;Brut;in ground;kg;1.26429E-06;x;1.23042E-06;3.38677E-08
695;Molybdenum, 0.014% in sulfide, Mo 8.2E-3% and Cu 0.81% in crude ore, in ground;Brut;in ground;kg;1.78607E-07;x;1.73795E-07;4.81167E-09
696;Molybdenum, 0.022% in sulfide, Mo 8.2E-3% and Cu 0.36% in crude ore, in ground;Brut;in ground;kg;3.03356E-07;x;2.87424E-07;1.59319E-08
697;Molybdenum, 0.025% in sulfide, Mo 8.2E-3% and Cu 0.39% in crude ore, in ground;Brut;in ground;kg;6.54472E-07;x;6.36841E-07;1.76313E-08
698;Monoethanolamine;Air;high. pop.;kg;6.68247E-09;x;6.53884E-09;1.43629E-10
699;Napropamide;Sol;agricultural;kg;2.32121E-12;x;1.82462E-12;4.96588E-13
700;Nickel;Air;;kg;2.26576E-08;x;7.63535E-09;1.50223E-08
701;Nickel;Air;high. pop.;kg;5.79317E-07;x;5.33602E-07;4.57159E-08
702;Nickel;Air;low. pop.;kg;3.01533E-07;x;2.81417E-07;2.01163E-08
703;Nickel;Air;stratosphere + troposphere;kg;4.26082E-15;x;4.22436E-15;3.64562E-17
704;Nickel;Sol;;kg;2.38829E-09;x;1.16391E-10;2.2719E-09
705;Nickel;Sol;agricultural;kg;6.9295E-10;x;6.66993E-10;2.59572E-11
706;Nickel, 1.13% in sulfide, Ni 0.76% and Cu 0.76% in crude ore, in ground;Brut;in ground;kg;2.88775E-07;x;2.79471E-07;9.30376E-09
707;Nickel, 1.98% in silicates, 1.04% in crude ore, in ground;Brut;in ground;kg;0.002580667;x;0.002566931;1.3736E-05
708;Nickel, ion;Eau;;kg;2.30974E-08;x;1.92099E-08;3.88747E-09
709;Nickel, ion;Eau;groundwater;kg;2.7586E-08;x;2.58739E-08;1.71215E-09
710;Nickel, ion;Eau;lake;kg;2.00783E-14;x;1.98671E-14;2.11184E-16
711;Nickel, ion;Eau;ocean;kg;9.71549E-09;x;8.98673E-09;7.28752E-10
712;Nickel, ion;Eau;river;kg;1.00576E-07;x;9.71564E-08;3.42006E-09
713;Niobium-95;Air;low. pop.;Bq;3.05114E-09;x;2.41897E-09;6.32172E-10
714;Niobium-95;Eau;river;Bq;7.32325E-05;x;6.72218E-05;6.01064E-06
715;Nitrate;Air;high. pop.;kg;3.63293E-10;x;3.45211E-10;1.8082E-11
716;Nitrate;Air;low. pop.;kg;4.71909E-09;x;4.38029E-09;3.38801E-10
717;Nitrate;Eau;groundwater;kg;2.67656E-06;x;2.47011E-06;2.06457E-07
718;Nitrate;Eau;ocean;kg;3.8808E-06;x;3.57647E-06;3.0433E-07
719;Nitrate;Eau;river;kg;6.05036E-06;x;5.53155E-06;5.18807E-07
720;Nitrite;Eau;ocean;kg;8.77118E-09;x;8.16744E-09;6.03738E-10
721;Nitrite;Eau;river;kg;3.0518E-08;x;2.99821E-08;5.35875E-10
722;Nitrobenzene;Air;high. pop.;kg;5.95934E-13;x;5.36838E-13;5.90955E-14
723;Nitrobenzene;Eau;river;kg;2.3882E-12;x;2.15138E-12;2.36821E-13
724;Nitrogen;Eau;ocean;kg;8.71993E-08;x;8.01898E-08;7.00955E-09
725;Nitrogen;Eau;river;kg;3.71022E-06;x;3.42641E-06;2.8381E-07
726;Nitrogen oxides;Air;;kg;0.001454594;x;0.000168137;0.001286457
727;Nitrogen oxides;Air;high. pop.;kg;0.00044219;x;0.000411345;3.08455E-05
728;Nitrogen oxides;Air;low. pop.;kg;0.004139375;x;0.003970213;0.000169162
729;Nitrogen oxides;Air;stratosphere + troposphere;kg;8.52142E-10;x;8.44851E-10;7.29106E-12
730;Nitrogen, organic bound;Eau;ocean;kg;5.71687E-06;x;5.51126E-06;2.05607E-07
731;Nitrogen, organic bound;Eau;river;kg;3.93231E-06;x;3.67767E-06;2.5465E-07
732;NMVOC, non-methane volatile organic compounds, unspecified origin;Air;;kg;6.85914E-05;x;2.22647E-05;4.63267E-05
733;NMVOC, non-methane volatile organic compounds, unspecified origin;Air;high. pop.;kg;0.001958754;x;0.001956016;2.73824E-06
734;NMVOC, non-methane volatile organic compounds, unspecified origin;Air;low. pop.;kg;0.142785041;x;0.142581806;0.000203235
735;NMVOC, non-methane volatile organic compounds, unspecified origin;Air;stratosphere + troposphere;kg;4.08403E-11;x;4.04909E-11;3.49442E-13
736;Noble gases, radioactive, unspecified;Air;low. pop.;Bq;33444.84811;x;31142.85467;2301.993443
737;o-Xylene;Eau;;kg;3.74117E-13;x;3.56826E-13;1.72913E-14
738;Occupation, arable, non-irrigated;Brut;land;m2a;9.72002E-06;x;7.64394E-06;2.07608E-06
739;Occupation, construction site;Brut;land;m2a;0.000130539;x;0.000119836;1.07033E-05
740;Occupation, dump site;Brut;land;m2a;0.00034797;x;0.000332263;1.57064E-05
741;Occupation, dump site, benthos;Brut;land;m2a;0.000359931;x;0.000331261;2.86696E-05
742;Occupation, forest;Brut;land;m2a;x;x;x;x
743;Occupation, forest, intensive;Brut;land;m2a;9.62037E-05;x;9.14415E-05;4.76227E-06
744;Occupation, forest, intensive, normal;Brut;land;m2a;0.005616128;x;0.005396357;0.000219771
745;Occupation, forest, intensive, short-cycle;Brut;land;m2a;1.66464E-05;x;1.50335E-05;1.6129E-06
746;Occupation, industrial area;Brut;land;m2a;0.003074335;x;0.002812833;0.000261502
747;Occupation, industrial area, benthos;Brut;land;m2a;2.80241E-06;x;2.55261E-06;2.49799E-07
748;Occupation, industrial area, built up;Brut;land;m2a;0.000414831;x;0.000396999;1.78324E-05
749;Occupation, industrial area, vegetation;Brut;land;m2a;0.00017126;x;0.00016173;9.5302E-06
750;Occupation, mineral extraction site;Brut;land;m2a;0.000346317;x;0.000317897;2.84199E-05
751;Occupation, permanent crop, fruit, intensive;Brut;land;m2a;2.38687E-05;x;2.15469E-05;2.32182E-06
752;Occupation, shrub land, sclerophyllous;Brut;land;m2a;1.28213E-05;x;1.23816E-05;4.39702E-07
753;Occupation, traffic area, rail embankment;Brut;land;m2a;5.38608E-05;x;3.92041E-05;1.46567E-05
754;Occupation, traffic area, rail network;Brut;land;m2a;5.95577E-05;x;4.33508E-05;1.62069E-05
755;Occupation, traffic area, road embankment;Brut;land;m2a;7.13428E-05;x;6.31584E-05;8.18445E-06
756;Occupation, traffic area, road network;Brut;land;m2a;0.001502473;x;0.001274203;0.00022827
757;Occupation, urban, discontinuously built;Brut;land;m2a;9.61807E-08;x;8.63839E-08;9.79684E-09
758;Occupation, water bodies, artificial;Brut;land;m2a;0.000403935;x;0.000370943;3.29913E-05
759;Occupation, water courses, artificial;Brut;land;m2a;0.000493672;x;0.000353439;0.000140234
760;Oil, crude;Brut;in ground;kg;1.002290494;x;0.883069117;0.119221377
761;Oils, biogenic;Sol;;kg;3.89972E-08;x;2.83852E-08;1.0612E-08
762;Oils, biogenic;Sol;forestry;kg;6.26427E-08;x;6.0513E-08;2.12972E-09
763;Oils, unspecified;Eau;;kg;5.43985E-07;x;4.8851E-07;5.54748E-08
764;Oils, unspecified;Eau;ocean;kg;0.000654459;x;0.000590804;6.36545E-05
765;Oils, unspecified;Eau;river;kg;0.003492522;x;0.003208146;0.000284376
766;Oils, unspecified;Sol;;kg;1.98651E-05;x;1.809E-05;1.7751E-06
767;Oils, unspecified;Sol;forestry;kg;0.004344751;x;0.0039943;0.000350451
768;Oils, unspecified;Sol;industrial;kg;1.2368E-07;x;1.1358E-07;1.00999E-08
769;Olivine;Brut;in ground;kg;1.06359E-08;x;1.04768E-08;1.59091E-10
770;Orbencarb;Sol;agricultural;kg;5.89677E-11;x;5.54517E-11;3.51602E-12
771;Ozone;Air;;kg;1.19885E-06;x;1.11826E-06;8.05946E-08
772;Ozone;Air;high. pop.;kg;4.91577E-10;x;4.6974E-10;2.18372E-11
773;Ozone;Air;low. pop.;kg;4.23592E-11;x;4.17534E-11;6.05738E-13
774;PAH, polycyclic aromatic hydrocarbons;Air;;kg;3.1267E-08;x;2.88597E-08;2.40734E-09
775;PAH, polycyclic aromatic hydrocarbons;Air;high. pop.;kg;9.34305E-09;x;9.04335E-09;2.99691E-10
776;PAH, polycyclic aromatic hydrocarbons;Air;low. pop.;kg;2.1942E-08;x;1.98504E-08;2.09166E-09
777;PAH, polycyclic aromatic hydrocarbons;Eau;ocean;kg;1.61479E-07;x;1.48462E-07;1.30174E-08
778;PAH, polycyclic aromatic hydrocarbons;Eau;river;kg;2.0201E-07;x;1.77611E-07;2.43991E-08
779;Particulates, < 2.5 um;Air;;kg;0.00011887;x;1.39334E-05;0.000104937
780;Particulates, < 2.5 um;Air;high. pop.;kg;6.34462E-05;x;5.87819E-05;4.66436E-06
781;Particulates, < 2.5 um;Air;low. pop.;kg;0.000147239;x;0.000136091;1.11483E-05
782;Particulates, < 2.5 um;Air;stratosphere + troposphere;kg;2.31303E-12;x;2.29324E-12;1.97906E-14
783;Particulates, > 10 um;Air;;kg;2.50984E-05;x;3.09651E-06;2.20019E-05
784;Particulates, > 10 um;Air;high. pop.;kg;2.54899E-05;x;2.32964E-05;2.19346E-06
785;Particulates, > 10 um;Air;low. pop.;kg;0.00016566;x;0.000154275;1.13843E-05
786;Particulates, > 2.5 um, and < 10um;Air;;kg;2.75663E-05;x;3.0875E-06;2.44788E-05
787;Particulates, > 2.5 um, and < 10um;Air;high. pop.;kg;1.09134E-05;x;1.03289E-05;5.84492E-07
788;Particulates, > 2.5 um, and < 10um;Air;low. pop.;kg;7.48886E-05;x;7.04466E-05;4.44199E-06
789;Pd, Pd 2.0E-4%, Pt 4.8E-4%, Rh 2.4E-5%, Ni 3.7E-2%, Cu 5.2E-2% in ore, in ground;Brut;in ground;kg;1.45795E-08;x;1.44734E-08;1.06088E-10
790;Pd, Pd 7.3E-4%, Pt 2.5E-4%, Rh 2.0E-5%, Ni 2.3E+0%, Cu 3.2E+0% in ore, in ground;Brut;in ground;kg;3.5037E-08;x;3.47821E-08;2.54951E-10
791;Peat;Brut;biotic;kg;7.51504E-05;x;7.5091E-05;5.94903E-08
792;Pentane;Air;;kg;2.12892E-10;x;2.03052E-10;9.83951E-12
793;Pentane;Air;high. pop.;kg;7.3828E-05;x;6.49315E-05;8.89654E-06
794;Pentane;Air;low. pop.;kg;1.2182E-07;x;1.14181E-07;7.63861E-09
795;Phenol;Air;;kg;4.04924E-10;x;3.98154E-10;6.76948E-12
796;Phenol;Air;high. pop.;kg;2.72329E-09;x;2.66656E-09;5.67336E-11
797;Phenol;Air;low. pop.;kg;1.01037E-08;x;9.42947E-09;6.74274E-10
798;Phenol;Eau;;kg;4.928E-08;x;4.9143E-08;1.37029E-10
799;Phenol;Eau;ocean;kg;2.54734E-06;x;2.34197E-06;2.05377E-07
800;Phenol;Eau;river;kg;3.41503E-06;x;3.00346E-06;4.11569E-07
801;Phenol, 2,4-dichloro-;Air;high. pop.;kg;6.63851E-14;x;5.94376E-14;6.94741E-15
802;Phenol, pentachloro-;Air;high. pop.;kg;5.574E-13;x;5.25228E-13;3.21716E-14
803;Phenol, pentachloro-;Air;low. pop.;kg;9.3638E-10;x;8.77385E-10;5.89946E-11
804;Phosphate;Eau;groundwater;kg;6.16193E-05;x;5.84256E-05;3.19361E-06
805;Phosphate;Eau;ocean;kg;5.91877E-07;x;5.43442E-07;4.84353E-08
806;Phosphate;Eau;river;kg;3.28816E-07;x;3.15257E-07;1.35582E-08
807;Phosphine;Air;high. pop.;kg;1.09518E-13;x;1.08387E-13;1.13152E-15
808;Phosphorus;Brut;in ground;kg;5.42667E-06;x;4.98173E-06;4.44942E-07
809;Phosphorus;Air;;kg;5.26097E-11;x;5.21305E-11;4.79237E-13
810;Phosphorus;Air;high. pop.;kg;1.58672E-08;x;1.51634E-08;7.03824E-10
811;Phosphorus;Air;low. pop.;kg;5.64892E-10;x;5.20237E-10;4.46553E-11
812;Phosphorus;Eau;;kg;4.92799E-08;x;4.91429E-08;1.37004E-10
813;Phosphorus;Eau;groundwater;kg;1.04141E-10;x;9.40588E-11;1.00819E-11
814;Phosphorus;Eau;ocean;kg;1.63133E-07;x;1.50151E-07;1.2982E-08
815;Phosphorus;Eau;river;kg;1.62616E-07;x;1.40544E-07;2.20727E-08
816;Phosphorus;Sol;agricultural;kg;4.39981E-08;x;4.14588E-08;2.53924E-09
817;Phosphorus;Sol;industrial;kg;1.43274E-06;x;1.29883E-06;1.33915E-07
818;Phosphorus, 18% in apatite, 4% in crude ore, in ground;Brut;in ground;kg;1.23178E-05;x;1.13122E-05;1.00557E-06
819;Pirimicarb;Sol;agricultural;kg;1.71073E-12;x;1.32134E-12;3.89384E-13
820;Platinum;Air;high. pop.;kg;1.56944E-15;x;1.26288E-15;3.06561E-16
821;Platinum;Air;low. pop.;kg;4.80525E-14;x;4.48426E-14;3.2099E-15
822;Plutonium-238;Air;low. pop.;Bq;4.74773E-10;x;4.42093E-10;3.26797E-11
823;Plutonium-alpha;Air;low. pop.;Bq;1.08836E-09;x;1.01344E-09;7.4913E-11
824;Polonium-210;Air;;Bq;4.37306E-11;x;4.06236E-11;3.10704E-12
825;Polonium-210;Air;high. pop.;Bq;0.006416151;x;0.006361757;5.43948E-05
826;Polonium-210;Air;low. pop.;Bq;0.032332879;x;0.030250781;0.002082098
827;Polonium-210;Eau;groundwater;Bq;4.52244E-05;x;4.15315E-05;3.69289E-06
828;Polonium-210;Eau;ocean;Bq;0.053543255;x;0.049161642;0.004381613
829;Polonium-210;Eau;river;Bq;0.008100889;x;0.007595007;0.000505883
830;Polychlorinated biphenyls;Air;;kg;1.86709E-10;x;1.7259E-10;1.41186E-11
831;Polychlorinated biphenyls;Air;high. pop.;kg;4.61595E-15;x;4.56828E-15;4.76705E-17
832;Potassium;Air;high. pop.;kg;8.97715E-07;x;8.5063E-07;4.70845E-08
833;Potassium;Air;low. pop.;kg;8.45074E-09;x;7.77733E-09;6.73407E-10
834;Potassium;Sol;agricultural;kg;2.44686E-07;x;2.30565E-07;1.41213E-08
835;Potassium;Sol;industrial;kg;1.00289E-05;x;9.09153E-06;9.37405E-07
836;Potassium-40;Air;;Bq;5.88643E-12;x;5.4682E-12;4.18226E-13
837;Potassium-40;Air;high. pop.;Bq;0.001019051;x;0.001010412;8.63876E-06
838;Potassium-40;Air;low. pop.;Bq;0.004085543;x;0.003828733;0.00025681
839;Potassium-40;Eau;groundwater;Bq;3.59213E-06;x;3.29881E-06;2.93317E-07
840;Potassium-40;Eau;ocean;Bq;0.004240735;x;0.003893701;0.000347034
841;Potassium-40;Eau;river;Bq;0.010169003;x;0.009533963;0.00063504
842;Potassium chloride;Brut;in ground;kg;1.34874E-06;x;1.26819E-06;8.0545E-08
843;Potassium, ion;Eau;groundwater;kg;9.40011E-06;x;8.81868E-06;5.8143E-07
844;Potassium, ion;Eau;ocean;kg;8.58378E-05;x;7.89189E-05;6.9189E-06
845;Potassium, ion;Eau;river;kg;0.000187343;x;0.000165274;2.20692E-05
846;Propanal;Air;;kg;6.4979E-18;x;6.19759E-18;3.00311E-19
847;Propanal;Air;high. pop.;kg;6.52925E-11;x;5.82573E-11;7.03523E-12
848;Propanal;Eau;river;kg;3.58469E-14;x;3.29274E-14;2.91954E-15
849;Propane;Air;;kg;1.30512E-10;x;1.2448E-10;6.03207E-12
850;Propane;Air;high. pop.;kg;5.6933E-05;x;5.00192E-05;6.91377E-06
851;Propane;Air;low. pop.;kg;4.34679E-06;x;4.07408E-06;2.72709E-07
852;Propene;Air;;kg;1.53842E-13;x;1.46732E-13;7.1103E-15
853;Propene;Air;high. pop.;kg;2.78746E-06;x;2.45523E-06;3.32233E-07
854;Propene;Air;low. pop.;kg;3.03687E-08;x;2.80583E-08;2.31031E-09
855;Propene;Eau;river;kg;1.29436E-07;x;1.18771E-07;1.06649E-08
856;Propionic acid;Air;;kg;2.96201E-12;x;2.82511E-12;1.36898E-13
857;Propionic acid;Air;high. pop.;kg;1.72815E-08;x;1.67904E-08;4.91081E-10
858;Propionic acid;Eau;river;kg;1.72538E-13;x;1.52884E-13;1.96542E-14
859;Propylamine;Air;high. pop.;kg;5.9756E-15;x;5.4889E-15;4.86708E-16
860;Propylamine;Eau;river;kg;1.43413E-14;x;1.31732E-14;1.16808E-15
861;Propylene oxide;Air;high. pop.;kg;2.03759E-08;x;1.97159E-08;6.60039E-10
862;Propylene oxide;Eau;river;kg;4.90247E-08;x;4.74366E-08;1.58815E-09
863;Protactinium-234;Air;low. pop.;Bq;0.000474144;x;0.000440108;3.40359E-05
864;Protactinium-234;Eau;river;Bq;0.008739198;x;0.008111772;0.000627427
865;Pt, Pt 2.5E-4%, Pd 7.3E-4%, Rh 2.0E-5%, Ni 2.3E+0%, Cu 3.2E+0% in ore, in ground;Brut;in ground;kg;3.3563E-10;x;3.33062E-10;2.56721E-12
866;Pt, Pt 4.8E-4%, Pd 2.0E-4%, Rh 2.4E-5%, Ni 3.7E-2%, Cu 5.2E-2% in ore, in ground;Brut;in ground;kg;1.20318E-09;x;1.19397E-09;9.20302E-12
867;Radioactive species, alpha emitters;Eau;river;Bq;0.000105222;x;9.66107E-05;8.61167E-06
868;Radioactive species, Nuclides, unspecified;Eau;ocean;Bq;3.379763651;x;3.147138733;0.232624918
869;Radioactive species, Nuclides, unspecified;Eau;river;Bq;0.010281874;x;0.009546429;0.000735445
870;Radioactive species, other beta emitters;Air;high. pop.;Bq;0.016984402;x;0.012074297;0.004910105
871;Radioactive species, other beta emitters;Air;low. pop.;Bq;2.01104E-05;x;1.88124E-05;1.298E-06
872;Radium-224;Eau;ocean;Bq;1.017623449;x;0.935541679;0.08208177
873;Radium-224;Eau;river;Bq;2.100427791;x;1.84784943;0.252578361
874;Radium-226;Air;;Bq;6.17667E-12;x;5.73782E-12;4.38852E-13
875;Radium-226;Air;high. pop.;Bq;0.00090583;x;0.000898151;7.67915E-06
876;Radium-226;Air;low. pop.;Bq;0.020064016;x;0.01865559;0.001408426
877;Radium-226;Eau;;Bq;2.24473E-05;x;2.14098E-05;1.03749E-06
878;Radium-226;Eau;groundwater;Bq;3.33369E-05;x;3.06148E-05;2.72213E-06
879;Radium-226;Eau;ocean;Bq;1.667638239;x;1.533075551;0.134562689
880;Radium-226;Eau;river;Bq;8.801379246;x;8.006694;0.794685246
881;Radium-228;Air;;Bq;1.83014E-12;x;1.7001E-12;1.30032E-13
882;Radium-228;Air;high. pop.;Bq;0.004906515;x;0.004864939;4.15765E-05
883;Radium-228;Air;low. pop.;Bq;0.00154864;x;0.001451233;9.74071E-05
884;Radium-228;Eau;;Bq;3.1587E-05;x;3.01271E-05;1.45989E-06
885;Radium-228;Eau;ocean;Bq;2.0351918;x;1.871030029;0.16416177
886;Radium-228;Eau;river;Bq;4.20076653;x;3.695627513;0.505139016
887;Radon-220;Air;;Bq;1.28462E-10;x;1.19334E-10;9.12724E-12
888;Radon-220;Air;high. pop.;Bq;7.55226E-05;x;7.48795E-05;6.43184E-07
889;Radon-220;Air;low. pop.;Bq;0.187539853;x;0.175788213;0.011751639
890;Radon-222;Air;;Bq;7.21499E-11;x;6.70236E-11;5.12628E-12
891;Radon-222;Air;high. pop.;Bq;7.55072E-05;x;7.48652E-05;6.42051E-07
892;Radon-222;Air;low. pop.;Bq;1491.594805;x;1382.867133;108.7276721
893;Rh, Rh 2.0E-5%, Pt 2.5E-4%, Pd 7.3E-4%, Ni 2.3E+0%, Cu 3.2E+0% in ore, in ground;Brut;in ground;kg;3.31547E-10;x;3.29123E-10;2.42469E-12
894;Rh, Rh 2.4E-5%, Pt 4.8E-4%, Pd 2.0E-4%, Ni 3.7E-2%, Cu 5.2E-2% in ore, in ground;Brut;in ground;kg;1.03847E-09;x;1.03087E-09;7.59435E-12
895;Rhenium;Brut;in ground;kg;1.70789E-09;x;1.70343E-09;4.45739E-12
896;Rubidium;Eau;ocean;kg;2.03519E-07;x;1.87103E-07;1.64162E-08
897;Rubidium;Eau;river;kg;4.20077E-07;x;3.69563E-07;5.05139E-08
898;Ruthenium-103;Air;low. pop.;Bq;6.70357E-10;x;5.31463E-10;1.38893E-10
899;Ruthenium-103;Eau;river;Bq;6.51305E-07;x;5.16358E-07;1.34947E-07
900;Sand;Brut;in ground;kg;8.52675E-07;x;8.20837E-07;3.18388E-08
901;Scandium;Air;high. pop.;kg;9.51082E-11;x;9.43022E-11;8.06034E-13
902;Scandium;Air;low. pop.;kg;2.64555E-11;x;2.43899E-11;2.06563E-12
903;Scandium;Eau;groundwater;kg;5.60778E-09;x;5.26042E-09;3.47353E-10
904;Scandium;Eau;river;kg;4.20672E-09;x;3.97609E-09;2.30624E-10
905;Selenium;Air;;kg;1.06473E-09;x;4.26208E-11;1.0221E-09
906;Selenium;Air;high. pop.;kg;2.20656E-08;x;2.04518E-08;1.61375E-09
907;Selenium;Air;low. pop.;kg;1.6222E-08;x;1.52428E-08;9.79206E-10
908;Selenium;Air;stratosphere + troposphere;kg;6.08694E-16;x;6.03486E-16;5.20808E-18
909;Selenium;Eau;;kg;3.76803E-14;x;3.59388E-14;1.74149E-15
910;Selenium;Eau;groundwater;kg;1.18764E-08;x;1.11473E-08;7.29106E-10
911;Selenium;Eau;ocean;kg;6.31966E-09;x;5.81668E-09;5.02979E-10
912;Selenium;Eau;river;kg;1.09609E-08;x;9.89075E-09;1.07016E-09
913;Shale;Brut;in ground;kg;8.08814E-08;x;7.96259E-08;1.25551E-09
914;Silicon;Air;;kg;2.65511E-15;x;2.44077E-15;2.14336E-16
915;Silicon;Air;high. pop.;kg;1.22797E-06;x;1.2147E-06;1.32769E-08
916;Silicon;Air;low. pop.;kg;1.39811E-07;x;1.30881E-07;8.93001E-09
917;Silicon;Eau;groundwater;kg;7.40055E-06;x;6.93642E-06;4.64134E-07
918;Silicon;Eau;ocean;kg;6.15317E-09;x;5.55223E-09;6.0094E-10
919;Silicon;Eau;river;kg;9.83423E-06;x;9.63797E-06;1.96259E-07
920;Silicon;Sol;agricultural;kg;4.20404E-07;x;3.98158E-07;2.22462E-08
921;Silicon;Sol;industrial;kg;2.86544E-06;x;2.59762E-06;2.67822E-07
922;Silicon tetrafluoride;Air;low. pop.;kg;9.30306E-11;x;8.54339E-11;7.59665E-12
923;Silver;Air;high. pop.;kg;1.65763E-11;x;1.54385E-11;1.13779E-12
924;Silver;Air;low. pop.;kg;6.47476E-14;x;6.15556E-14;3.19202E-15
925;Silver-110;Air;low. pop.;Bq;6.6437E-09;x;5.26716E-09;1.37654E-09
926;Silver-110;Eau;river;Bq;0.005534465;x;0.004855358;0.000679108
927;Silver, 0.007% in sulfide, Ag 0.004%, Pb, Zn, Cd, In, in ground;Brut;in ground;kg;1.00253E-08;x;9.91668E-09;1.08636E-10
928;Silver, 3.2ppm in sulfide, Ag 1.2ppm, Cu and Te, in crude ore, in ground;Brut;in ground;kg;7.15247E-09;x;7.07491E-09;7.75617E-11
929;Silver, Ag 2.1E-4%, Au 2.1E-4%, in ore, in ground;Brut;in ground;kg;6.60278E-10;x;6.53124E-10;7.15473E-12
930;Silver, Ag 4.2E-3%, Au 1.1E-4%, in ore, in ground;Brut;in ground;kg;1.508E-09;x;1.49166E-09;1.63408E-11
931;Silver, Ag 4.6E-5%, Au 1.3E-4%, in ore, in ground;Brut;in ground;kg;1.47809E-09;x;1.46207E-09;1.60166E-11
932;Silver, Ag 9.7E-4%, Au 9.7E-4%, Zn 0.63%, Cu 0.38%, Pb 0.014%, in ore, in ground;Brut;in ground;kg;9.75328E-10;x;9.6476E-10;1.05686E-11
933;Silver, ion;Eau;;kg;3.55429E-11;x;3.39002E-11;1.64268E-12
934;Silver, ion;Eau;groundwater;kg;3.22212E-10;x;3.02742E-10;1.94701E-11
935;Silver, ion;Eau;ocean;kg;1.22109E-08;x;1.1226E-08;9.84978E-10
936;Silver, ion;Eau;river;kg;3.85644E-08;x;3.33744E-08;5.19002E-09
937;Sodium;Air;;kg;1.1935E-11;x;1.08559E-11;1.07908E-12
938;Sodium;Air;high. pop.;kg;1.32553E-06;x;1.22914E-06;9.63927E-08
939;Sodium;Air;low. pop.;kg;4.75454E-09;x;4.37129E-09;3.83258E-10
940;Sodium;Sol;;kg;1.14875E-07;x;9.48282E-08;2.00473E-08
941;Sodium;Sol;industrial;kg;5.73093E-05;x;5.19527E-05;5.35662E-06
942;Sodium-24;Eau;river;Bq;2.33544E-05;x;1.85155E-05;4.83893E-06
943;Sodium chlorate;Air;high. pop.;kg;1.04334E-09;x;9.58263E-10;8.50774E-11
944;Sodium chloride;Brut;in ground;kg;0.000820645;x;0.000746442;7.42031E-05
945;Sodium dichromate;Air;high. pop.;kg;4.83453E-10;x;4.35483E-10;4.79697E-11
946;Sodium formate;Air;high. pop.;kg;1.73875E-11;x;1.69032E-11;4.84283E-13
947;Sodium formate;Eau;river;kg;4.17728E-11;x;4.06093E-11;1.16346E-12
948;Sodium hydroxide;Air;high. pop.;kg;1.27099E-09;x;1.25784E-09;1.31493E-11
949;Sodium nitrate;Brut;in ground;kg;4.17455E-13;x;4.00675E-13;1.67804E-14
950;Sodium sulphate;Brut;in ground;kg;2.53979E-05;x;2.33174E-05;2.0805E-06
951;Sodium, ion;Eau;;kg;1.18708E-05;x;7.32523E-06;4.54556E-06
952;Sodium, ion;Eau;groundwater;kg;2.10981E-05;x;1.97815E-05;1.31668E-06
953;Sodium, ion;Eau;ocean;kg;0.006231596;x;0.005729077;0.000502519
954;Sodium, ion;Eau;river;kg;0.012818699;x;0.011278566;0.001540133
955;Solids, inorganic;Eau;groundwater;kg;0.000166721;x;0.000156223;1.04978E-05
956;Solids, inorganic;Eau;river;kg;1.07896E-05;x;9.89209E-06;8.97515E-07
957;Solved solids;Eau;;kg;7.53607E-07;x;7.18778E-07;3.48291E-08
958;Solved solids;Eau;groundwater;kg;5.94684E-06;x;5.57908E-06;3.67767E-07
959;Solved solids;Eau;river;kg;7.21969E-06;x;6.80146E-06;4.18226E-07
960;Stibnite;Brut;in ground;kg;1.10047E-12;x;7.82326E-13;3.1814E-13
961;Strontium;Air;;kg;2.18211E-17;x;2.02707E-17;1.55038E-18
962;Strontium;Air;high. pop.;kg;1.43435E-08;x;1.42218E-08;1.21656E-10
963;Strontium;Air;low. pop.;kg;1.75865E-08;x;1.64642E-08;1.12221E-09
964;Strontium;Eau;;kg;9.2463E-10;x;8.81896E-10;4.27344E-11
965;Strontium;Eau;groundwater;kg;4.98296E-07;x;4.67787E-07;3.05091E-08
966;Strontium;Eau;ocean;kg;3.6928E-05;x;3.39497E-05;2.97832E-06
967;Strontium;Eau;river;kg;7.60243E-05;x;6.68804E-05;9.14388E-06
968;Strontium;Sol;agricultural;kg;2.80592E-09;x;2.46538E-09;3.40536E-10
969;Strontium;Sol;industrial;kg;2.86544E-07;x;2.59762E-07;2.67822E-08
970;Strontium-89;Eau;river;Bq;0.00010146;x;8.77167E-05;1.37436E-05
971;Strontium-90;Eau;ocean;Bq;0.072020447;x;0.067063247;0.0049572
972;Strontium-90;Eau;river;Bq;4.700305049;x;4.403128;0.297177049
973;Styrene;Air;;kg;4.27632E-19;x;4.07868E-19;1.9764E-20
974;Styrene;Air;high. pop.;kg;1.42074E-09;x;1.29099E-09;1.29749E-10
975;Styrene;Air;low. pop.;kg;1.23627E-11;x;1.15808E-11;7.81867E-13
976;Sulfate;Air;;kg;3.64852E-10;x;3.30897E-10;3.39545E-11
977;Sulfate;Air;high. pop.;kg;2.89473E-06;x;2.65099E-06;2.43744E-07
978;Sulfate;Air;low. pop.;kg;3.56567E-08;x;3.30967E-08;2.55995E-09
979;Sulfate;Eau;;kg;3.76359E-08;x;3.41988E-08;3.43706E-09
980;Sulfate;Eau;groundwater;kg;0.000631746;x;0.000598383;3.33631E-05
981;Sulfate;Eau;ocean;kg;0.000114643;x;0.000105414;9.22975E-06
982;Sulfate;Eau;river;kg;0.000216944;x;0.000199927;1.70173E-05
983;Sulfide;Eau;ocean;kg;4.33739E-08;x;3.99283E-08;3.44555E-09
984;Sulfide;Eau;river;kg;3.29846E-08;x;2.82633E-08;4.72137E-09
985;Sulfite;Eau;river;kg;2.15969E-07;x;2.02317E-07;1.36521E-08
986;Sulfur;Brut;in ground;kg;4.54073E-07;x;4.37283E-07;1.67901E-08
987;Sulfur;Eau;;kg;4.49489E-11;x;4.28714E-11;2.0775E-12
988;Sulfur;Eau;ocean;kg;2.86729E-07;x;2.63668E-07;2.30607E-08
989;Sulfur;Eau;river;kg;1.0829E-05;x;9.92989E-06;8.99073E-07
990;Sulfur;Sol;agricultural;kg;6.64625E-08;x;6.3667E-08;2.79543E-09
991;Sulfur;Sol;industrial;kg;1.7193E-05;x;1.5586E-05;1.60697E-06
992;Sulfur dioxide;Air;;kg;3.07156E-05;x;1.82011E-05;1.25145E-05
993;Sulfur dioxide;Air;high. pop.;kg;0.001376435;x;0.00129063;8.58051E-05
994;Sulfur dioxide;Air;low. pop.;kg;0.003701129;x;0.003456961;0.000244169
995;Sulfur dioxide;Air;stratosphere + troposphere;kg;6.08694E-11;x;6.03486E-11;5.20808E-13
996;Sulfur hexafluoride;Air;;kg;1.99778E-08;x;1.88337E-08;1.14407E-09
997;Sulfur hexafluoride;Air;low. pop.;kg;5.04227E-07;x;5.04226E-07;5.15089E-13
998;Sulfur trioxide;Air;high. pop.;kg;4.80354E-12;x;4.32471E-12;4.7883E-13
999;Sulfuric acid;Air;high. pop.;kg;2.66105E-10;x;2.63344E-10;2.76144E-12
1000;Sulfuric acid;Air;low. pop.;kg;1.0216E-13;x;9.51609E-14;6.99893E-15
1001;Sulfuric acid;Sol;agricultural;kg;1.64277E-13;x;1.6258E-13;1.69728E-15
1002;Suspended solids, unspecified;Eau;;kg;3.28382E-06;x;3.04251E-06;2.41318E-07
1003;Suspended solids, unspecified;Eau;ocean;kg;0.000811602;x;0.000746934;6.46672E-05
1004;Suspended solids, unspecified;Eau;river;kg;5.24438E-05;x;4.65585E-05;5.88529E-06
1005;t-Butyl methyl ether;Air;high. pop.;kg;1.28054E-05;x;1.28054E-05;7.63454E-12
1006;t-Butyl methyl ether;Eau;ocean;kg;1.33597E-07;x;1.22964E-07;1.06327E-08
1007;t-Butyl methyl ether;Eau;river;kg;1.96428E-07;x;1.96428E-07;1.41289E-13
1008;t-Butylamine;Air;high. pop.;kg;2.15418E-14;x;1.73445E-14;4.1973E-15
1009;t-Butylamine;Eau;river;kg;5.17012E-14;x;4.16273E-14;1.00739E-14
1010;Talc;Brut;in ground;kg;2.47667E-07;x;2.44334E-07;3.33366E-09
1011;Tantalum;Brut;in ground;kg;7.90111E-09;x;7.81627E-09;8.48402E-11
1012;Tebutam;Sol;agricultural;kg;5.50019E-12;x;4.32349E-12;1.1767E-12
1013;Technetium-99m;Eau;river;Bq;7.14569E-05;x;5.67294E-05;1.47275E-05
1014;Teflubenzuron;Sol;agricultural;kg;7.27962E-13;x;6.84557E-13;4.34054E-14
1015;Tellurium;Brut;in ground;kg;1.07287E-09;x;1.06123E-09;1.16344E-11
1016;Tellurium-123m;Eau;river;Bq;0.000100999;x;9.39599E-05;7.03912E-06
1017;Tellurium-132;Eau;river;Bq;1.78721E-07;x;1.41691E-07;3.70298E-08
1018;Terpenes;Air;low. pop.;kg;5.38639E-10;x;4.8645E-10;5.21888E-11
1019;Thallium;Air;;kg;6.17924E-11;x;5.47997E-11;6.99273E-12
1020;Thallium;Air;high. pop.;kg;1.1958E-10;x;1.18541E-10;1.039E-12
1021;Thallium;Air;low. pop.;kg;4.43426E-12;x;4.07745E-12;3.56807E-13
1022;Thallium;Eau;;kg;4.02983E-14;x;3.84358E-14;1.86256E-15
1023;Thallium;Eau;groundwater;kg;4.81318E-11;x;4.63688E-11;1.76304E-12
1024;Thallium;Eau;river;kg;4.11552E-10;x;3.85534E-10;2.60174E-11
1025;Thiram;Sol;agricultural;kg;2.45229E-12;x;2.21469E-12;2.376E-13
1026;Thorium;Air;high. pop.;kg;1.43418E-10;x;1.42203E-10;1.21507E-12
1027;Thorium;Air;low. pop.;kg;1.58812E-11;x;1.45748E-11;1.30643E-12
1028;Thorium-228;Air;;Bq;9.85453E-13;x;9.15435E-13;7.00176E-14
1029;Thorium-228;Air;high. pop.;Bq;0.000415163;x;0.000411644;3.51956E-06
1030;Thorium-228;Air;low. pop.;Bq;0.000834128;x;0.000781656;5.24721E-05
1031;Thorium-228;Eau;groundwater;Bq;3.64379E-07;x;3.34626E-07;2.97531E-08
1032;Thorium-228;Eau;ocean;Bq;4.070810109;x;3.742454699;0.32835541
1033;Thorium-228;Eau;river;Bq;8.401550764;x;7.391255027;1.010295738
1034;Thorium-230;Air;low. pop.;Bq;0.001921034;x;0.001781428;0.000139607
1035;Thorium-230;Eau;river;Bq;1.192398449;x;1.1067934;0.085605049
1036;Thorium-232;Air;;Bq;1.5486E-12;x;1.43857E-12;1.10027E-13
1037;Thorium-232;Air;high. pop.;Bq;0.000264196;x;0.000261956;2.23967E-06
1038;Thorium-232;Air;low. pop.;Bq;0.001311502;x;0.001228963;8.25386E-05
1039;Thorium-232;Eau;river;Bq;0.001895904;x;0.001777508;0.000118396
1040;Thorium-234;Air;low. pop.;Bq;0.000474235;x;0.000440192;3.4043E-05
1041;Thorium-234;Eau;river;Bq;0.008740106;x;0.008112608;0.000627498
1042;Tin;Brut;in ground;kg;3.6526E-07;x;3.59877E-07;5.38212E-09
1043;Tin;Air;;kg;7.26371E-10;x;6.93459E-10;3.29117E-11
1044;Tin;Air;high. pop.;kg;1.09402E-10;x;1.05579E-10;3.82231E-12
1045;Tin;Air;low. pop.;kg;2.8752E-08;x;2.84988E-08;2.53163E-10
1046;Tin;Sol;agricultural;kg;3.32723E-11;x;3.27321E-11;5.4023E-13
1047;Tin, ion;Eau;;kg;1.86607E-12;x;1.77985E-12;8.62176E-14
1048;Tin, ion;Eau;groundwater;kg;3.45626E-10;x;3.36123E-10;9.50365E-12
1049;Tin, ion;Eau;river;kg;9.45279E-10;x;9.079E-10;3.73786E-11
1050;TiO2, 54% in ilmenite, 2.6% in crude ore, in ground;Brut;in ground;kg;5.32546E-05;x;4.83059E-05;4.9487E-06
1051;TiO2, 95% in rutile, 0.40% in crude ore, in ground;Brut;in ground;kg;6.10061E-11;x;5.59725E-11;5.03369E-12
1052;Titanium;Air;;kg;1.43945E-10;x;1.32079E-10;1.18665E-11
1053;Titanium;Air;high. pop.;kg;2.90153E-08;x;2.86898E-08;3.25558E-10
1054;Titanium;Air;low. pop.;kg;2.44637E-09;x;2.24514E-09;2.01234E-10
1055;Titanium;Sol;agricultural;kg;6.19554E-09;x;5.83797E-09;3.57569E-10
1056;Titanium, ion;Eau;;kg;2.92891E-12;x;2.79354E-12;1.35366E-13
1057;Titanium, ion;Eau;groundwater;kg;4.44821E-09;x;4.17784E-09;2.70372E-10
1058;Titanium, ion;Eau;ocean;kg;9.3342E-10;x;8.40707E-10;9.27136E-11
1059;Titanium, ion;Eau;river;kg;1.22396E-08;x;1.15655E-08;6.74079E-10
1060;TOC, Total Organic Carbon;Eau;;kg;1.4936E-06;x;1.46625E-06;2.73523E-08
1061;TOC, Total Organic Carbon;Eau;ocean;kg;0.000709669;x;0.000645143;6.45256E-05
1062;TOC, Total Organic Carbon;Eau;river;kg;0.003302195;x;0.003023042;0.000279153
1063;Toluene;Air;;kg;1.21898E-06;x;1.23061E-08;1.20668E-06
1064;Toluene;Air;high. pop.;kg;2.12429E-05;x;2.02265E-05;1.01639E-06
1065;Toluene;Air;low. pop.;kg;1.83114E-07;x;1.67149E-07;1.59652E-08
1066;Toluene;Eau;;kg;2.68836E-11;x;2.56411E-11;1.24251E-12
1067;Toluene;Eau;ocean;kg;3.10581E-06;x;2.85571E-06;2.501E-07
1068;Toluene;Eau;river;kg;4.80295E-06;x;4.2143E-06;5.88653E-07
1069;Toluene, 2-chloro-;Air;high. pop.;kg;1.80491E-13;x;1.61996E-13;1.84946E-14
1070;Toluene, 2-chloro-;Eau;river;kg;3.73063E-13;x;3.35391E-13;3.76725E-14
1071;Transformation, from arable;Brut;land;m2;2.02374E-07;x;1.92785E-07;9.58916E-09
1072;Transformation, from arable, non-irrigated;Brut;land;m2;1.79447E-05;x;1.41084E-05;3.8363E-06
1073;Transformation, from arable, non-irrigated, fallow;Brut;land;m2;3.36232E-08;x;3.27818E-08;8.41479E-10
1074;Transformation, from dump site, inert material landfill;Brut;land;m2;8.77657E-07;x;8.28044E-07;4.96127E-08
1075;Transformation, from dump site, residual material landfill;Brut;land;m2;1.65342E-06;x;1.61755E-06;3.58684E-08
1076;Transformation, from dump site, sanitary landfill;Brut;land;m2;2.68755E-08;x;2.48464E-08;2.02916E-09
1077;Transformation, from dump site, slag compartment;Brut;land;m2;3.6738E-09;x;3.29915E-09;3.74654E-10
1078;Transformation, from forest;Brut;land;m2;0.001242811;x;0.001127321;0.000115489
1079;Transformation, from forest, extensive;Brut;land;m2;4.45335E-05;x;4.28207E-05;1.71284E-06
1080;Transformation, from forest, intensive, clear-cutting;Brut;land;m2;5.94525E-07;x;5.36922E-07;5.7603E-08
1081;Transformation, from industrial area;Brut;land;m2;7.23809E-07;x;6.65689E-07;5.81199E-08
1082;Transformation, from industrial area, benthos;Brut;land;m2;9.2467E-10;x;8.9816E-10;2.65096E-11
1083;Transformation, from industrial area, built up;Brut;land;m2;4.39326E-09;x;4.03453E-09;3.58737E-10
1084;Transformation, from industrial area, vegetation;Brut;land;m2;7.49426E-09;x;6.88231E-09;6.11953E-10
1085;Transformation, from mineral extraction site;Brut;land;m2;3.26228E-06;x;3.06361E-06;1.98667E-07
1086;Transformation, from pasture and meadow;Brut;land;m2;5.76555E-06;x;5.5202E-06;2.45355E-07
1087;Transformation, from pasture and meadow, intensive;Brut;land;m2;1.46339E-08;x;1.15031E-08;3.13076E-09
1088;Transformation, from sea and ocean;Brut;land;m2;0.000360073;x;0.000331391;2.8682E-05
1089;Transformation, from shrub land, sclerophyllous;Brut;land;m2;3.49335E-06;x;3.35906E-06;1.34288E-07
1090;Transformation, from tropical rain forest;Brut;land;m2;5.94525E-07;x;5.36922E-07;5.7603E-08
1091;Transformation, from unknown;Brut;land;m2;5.02764E-05;x;4.47445E-05;5.5319E-06
1092;Transformation, to arable;Brut;land;m2;3.77226E-06;x;3.58992E-06;1.82343E-07
1093;Transformation, to arable, non-irrigated;Brut;land;m2;1.796E-05;x;1.41205E-05;3.83949E-06
1094;Transformation, to arable, non-irrigated, fallow;Brut;land;m2;5.93024E-08;x;5.72669E-08;2.03553E-09
1095;Transformation, to dump site;Brut;land;m2;2.35148E-06;x;2.23511E-06;1.16366E-07
1096;Transformation, to dump site, benthos;Brut;land;m2;0.000359931;x;0.000331261;2.86696E-05
1097;Transformation, to dump site, inert material landfill;Brut;land;m2;8.77657E-07;x;8.28044E-07;4.96127E-08
1098;Transformation, to dump site, residual material landfill;Brut;land;m2;1.65343E-06;x;1.61756E-06;3.58684E-08
1099;Transformation, to dump site, sanitary landfill;Brut;land;m2;2.68755E-08;x;2.48464E-08;2.02916E-09
1100;Transformation, to dump site, slag compartment;Brut;land;m2;3.6738E-09;x;3.29915E-09;3.74654E-10
1101;Transformation, to forest;Brut;land;m2;3.06914E-06;x;2.93127E-06;1.37875E-07
1102;Transformation, to forest, intensive;Brut;land;m2;6.40756E-07;x;6.09027E-07;3.1729E-08
1103;Transformation, to forest, intensive, clear-cutting;Brut;land;m2;5.94525E-07;x;5.36922E-07;5.7603E-08
1104;Transformation, to forest, intensive, normal;Brut;land;m2;4.30949E-05;x;4.14638E-05;1.63115E-06
1105;Transformation, to forest, intensive, short-cycle;Brut;land;m2;5.94525E-07;x;5.36922E-07;5.7603E-08
1106;Transformation, to heterogeneous, agricultural;Brut;land;m2;5.7852E-05;x;5.23206E-05;5.53137E-06
1107;Transformation, to industrial area;Brut;land;m2;4.27415E-06;x;3.9894E-06;2.84748E-07
1108;Transformation, to industrial area, benthos;Brut;land;m2;1.39201E-07;x;1.27465E-07;1.17362E-08
1109;Transformation, to industrial area, built up;Brut;land;m2;9.42524E-06;x;8.99374E-06;4.31504E-07
1110;Transformation, to industrial area, vegetation;Brut;land;m2;4.65019E-06;x;4.35829E-06;2.91901E-07
1111;Transformation, to mineral extraction site;Brut;land;m2;0.001190996;x;0.001080397;0.000110599
1112;Transformation, to pasture and meadow;Brut;land;m2;2.02359E-07;x;1.94161E-07;8.19738E-09
1113;Transformation, to permanent crop, fruit, intensive;Brut;land;m2;3.36004E-07;x;3.03321E-07;3.26833E-08
1114;Transformation, to sea and ocean;Brut;land;m2;9.2467E-10;x;8.9816E-10;2.65096E-11
1115;Transformation, to shrub land, sclerophyllous;Brut;land;m2;2.56162E-06;x;2.47374E-06;8.78837E-08
1116;Transformation, to traffic area, rail embankment;Brut;land;m2;1.25328E-07;x;9.12228E-08;3.4105E-08
1117;Transformation, to traffic area, rail network;Brut;land;m2;1.37758E-07;x;1.00272E-07;3.74866E-08
1118;Transformation, to traffic area, road embankment;Brut;land;m2;4.72519E-07;x;4.41172E-07;3.13466E-08
1119;Transformation, to traffic area, road network;Brut;land;m2;1.77797E-05;x;1.54833E-05;2.29633E-06
1120;Transformation, to unknown;Brut;land;m2;1.12772E-06;x;1.05705E-06;7.06639E-08
1121;Transformation, to urban, discontinuously built;Brut;land;m2;1.9158E-09;x;1.72066E-09;1.95144E-10
1122;Transformation, to water bodies, artificial;Brut;land;m2;3.52502E-06;x;3.1939E-06;3.31117E-07
1123;Transformation, to water courses, artificial;Brut;land;m2;4.76653E-06;x;3.54889E-06;1.21764E-06
1124;Tributyltin compounds;Eau;ocean;kg;6.07149E-08;x;5.46408E-08;6.07403E-09
1125;Triethylene glycol;Eau;ocean;kg;1.71034E-08;x;1.66079E-08;4.95543E-10
1126;Trimethylamine;Air;high. pop.;kg;1.7691E-15;x;1.38252E-15;3.86587E-16
1127;Trimethylamine;Eau;river;kg;4.24581E-15;x;3.31801E-15;9.27791E-16
1128;Tungsten;Air;low. pop.;kg;1.41576E-12;x;1.31412E-12;1.01642E-13
1129;Tungsten;Eau;groundwater;kg;1.23252E-08;x;1.17081E-08;6.17105E-10
1130;Tungsten;Eau;river;kg;3.76269E-09;x;3.5499E-09;2.12795E-10
1131;Ulexite;Brut;in ground;kg;3.97142E-08;x;3.7447E-08;2.26729E-09
1132;Uranium;Brut;in ground;kg;1.95166E-06;x;1.81294E-06;1.38722E-07
1133;Uranium;Air;high. pop.;kg;1.90971E-10;x;1.89353E-10;1.61798E-12
1134;Uranium;Air;low. pop.;kg;8.07469E-12;x;7.41046E-12;6.64235E-13
1135;Uranium-234;Air;low. pop.;Bq;0.005680503;x;0.005270988;0.000409515
1136;Uranium-234;Eau;river;Bq;0.010487064;x;0.009734163;0.000752902
1137;Uranium-235;Air;low. pop.;Bq;0.000267422;x;0.000248223;1.91992E-05
1138;Uranium-235;Eau;river;Bq;0.01730367;x;0.016061369;0.001242301
1139;Uranium-238;Air;;Bq;5.1473E-12;x;4.78158E-12;3.65713E-13
1140;Uranium-238;Air;high. pop.;Bq;0.000754838;x;0.000748439;6.39927E-06
1141;Uranium-238;Air;low. pop.;Bq;0.008895416;x;0.008283375;0.000612041
1142;Uranium-238;Eau;groundwater;Bq;1.5247E-05;x;1.4002E-05;1.24501E-06
1143;Uranium-238;Eau;ocean;Bq;0.0180002;x;0.016527168;0.001473031
1144;Uranium-238;Eau;river;Bq;0.030356377;x;0.028214082;0.002142295
1145;Uranium alpha;Air;low. pop.;Bq;0.025761524;x;0.023912069;0.001849456
1146;Uranium alpha;Eau;river;Bq;0.503487294;x;0.467340933;0.036146361
1147;Urea;Eau;river;kg;4.34354E-14;x;3.959E-14;3.84533E-15
1148;Vanadium;Air;;kg;4.1873E-10;x;3.83481E-10;3.52487E-11
1149;Vanadium;Air;high. pop.;kg;1.36066E-06;x;1.25125E-06;1.09411E-07
1150;Vanadium;Air;low. pop.;kg;5.40566E-09;x;5.07196E-09;3.33702E-10
1151;Vanadium;Sol;agricultural;kg;1.77338E-10;x;1.67104E-10;1.02347E-11
1152;Vanadium, ion;Eau;;kg;4.6071E-13;x;4.39416E-13;2.12937E-14
1153;Vanadium, ion;Eau;groundwater;kg;4.48329E-09;x;4.19725E-09;2.86041E-10
1154;Vanadium, ion;Eau;ocean;kg;1.26016E-08;x;1.15987E-08;1.00295E-09
1155;Vanadium, ion;Eau;river;kg;2.49726E-08;x;2.25228E-08;2.44983E-09
1156;Vermiculite;Brut;in ground;kg;1.43541E-08;x;1.37187E-08;6.35359E-10
1157;VOC, volatile organic compounds, unspecified origin;Eau;ocean;kg;7.12319E-06;x;6.54863E-06;5.7456E-07
1158;VOC, volatile organic compounds, unspecified origin;Eau;river;kg;1.47247E-05;x;1.29551E-05;1.76957E-06
1159;Volume occupied, final repository for low-active radioactive waste;Brut;in ground;m3;3.97553E-09;x;3.69015E-09;2.85386E-10
1160;Volume occupied, final repository for radioactive waste;Brut;in ground;m3;1.00353E-09;x;9.33089E-10;7.04408E-11
1161;Volume occupied, reservoir;Brut;in water;m3y;0.002523688;x;0.002334971;0.000188717
1162;Volume occupied, underground deposit;Brut;in ground;m3;1.64853E-08;x;1.55435E-08;9.41742E-10
1163;Water;Air;;kg;1.24994E-05;x;1.18861E-05;6.13298E-07
1164;Water;Air;high. pop.;kg;1.57108E-09;x;1.47976E-09;9.13202E-11
1165;Water;Air;low. pop.;kg;1.24191E-08;x;1.23129E-08;1.06261E-10
1166;Water;Air;stratosphere + troposphere;kg;7.54761E-08;x;7.48303E-08;6.45787E-10
1167;Water, cooling, unspecified natural origin/m3;Brut;in water;m3;0.008550694;x;0.007794907;0.000755788
1168;Water, lake;Brut;in water;m3;1.50951E-05;x;1.44437E-05;6.51399E-07
1169;Water, river;Brut;in water;m3;0.001627276;x;0.001488339;0.000138938
1170;Water, salt, ocean;Brut;in water;m3;0.000437684;x;0.00040539;3.22938E-05
1171;Water, salt, sole;Brut;in water;m3;0.000771703;x;0.000692825;7.8879E-05
1172;Water, turbine use, unspecified natural origin;Brut;in water;m3;1.547336208;x;1.469464667;0.077871541
1173;Water, unspecified natural origin/m3;Brut;in water;m3;0.00272392;x;0.002396751;0.000327169
1174;Water, well, in ground;Brut;in water;m3;0.000288446;x;0.000269169;1.92771E-05
1175;Wood, hard, standing;Brut;biotic;m3;1.63403E-06;x;1.55693E-06;7.71031E-08
1176;Wood, primary forest, standing;Brut;biotic;m3;6.15588E-09;x;5.55943E-09;5.96443E-10
1177;Wood, soft, standing;Brut;biotic;m3;4.01869E-06;x;3.8259E-06;1.92789E-07
1178;Wood, unspecified, standing/m3;Brut;biotic;m3;6.03991E-11;x;5.69168E-11;3.48238E-12
1179;Xenon-131m;Air;low. pop.;Bq;0.124199589;x;0.10854614;0.015653449
1180;Xenon-133;Air;low. pop.;Bq;3.966930708;x;3.4297812;0.537149508
1181;Xenon-133m;Air;low. pop.;Bq;0.016611051;x;0.015293274;0.001317777
1182;Xenon-135;Air;low. pop.;Bq;1.625281144;x;1.4080418;0.217239344
1183;Xenon-135m;Air;low. pop.;Bq;0.960323317;x;0.82734876;0.132974557
1184;Xenon-137;Air;low. pop.;Bq;0.018917763;x;0.015429009;0.003488754
1185;Xenon-138;Air;low. pop.;Bq;0.165691967;x;0.138139573;0.027552393
1186;Xylene;Air;;kg;8.47707E-07;x;1.05649E-08;8.37142E-07
1187;Xylene;Air;high. pop.;kg;3.35428E-05;x;3.28877E-05;6.55047E-07
1188;Xylene;Air;low. pop.;kg;8.49149E-07;x;7.91564E-07;5.75852E-08
1189;Xylene;Eau;;kg;1.35754E-11;x;1.2948E-11;6.27427E-13
1190;Xylene;Eau;ocean;kg;2.40424E-06;x;2.21036E-06;1.93887E-07
1191;Xylene;Eau;river;kg;3.9754E-06;x;3.49625E-06;4.79148E-07
1192;Zinc;Brut;in ground;kg;6.44312E-05;x;6.16383E-05;2.79295E-06
1193;Zinc;Air;;kg;5.32223E-07;x;1.5679E-07;3.75433E-07
1194;Zinc;Air;high. pop.;kg;8.95597E-08;x;8.25078E-08;7.05187E-09
1195;Zinc;Air;low. pop.;kg;5.83431E-07;x;5.72221E-07;1.12099E-08
1196;Zinc;Air;stratosphere + troposphere;kg;6.08694E-14;x;6.03486E-14;5.20808E-16
1197;Zinc;Sol;;kg;5.21952E-07;x;2.54353E-08;4.96517E-07
1198;Zinc;Sol;agricultural;kg;1.41424E-08;x;1.30327E-08;1.10976E-09
1199;Zinc;Sol;industrial;kg;4.29819E-07;x;3.89644E-07;4.01742E-08
1200;Zinc-65;Air;low. pop.;Bq;1.2834E-07;x;1.01749E-07;2.6591E-08
1201;Zinc-65;Eau;river;Bq;0.000316633;x;0.000251029;6.56038E-05
1202;Zinc, ion;Eau;;kg;5.43268E-07;x;4.50338E-08;4.98234E-07
1203;Zinc, ion;Eau;groundwater;kg;4.22511E-08;x;4.03139E-08;1.93727E-09
1204;Zinc, ion;Eau;lake;kg;1.45656E-14;x;1.44124E-14;1.53201E-16
1205;Zinc, ion;Eau;ocean;kg;1.22597E-05;x;1.12792E-05;9.80516E-07
1206;Zinc, ion;Eau;river;kg;3.27831E-06;x;2.90962E-06;3.68687E-07
1207;Zirconium;Brut;in ground;kg;1.07991E-08;x;1.06871E-08;1.12023E-10
1208;Zirconium;Air;low. pop.;kg;1.95676E-10;x;1.7958E-10;1.60962E-11
1209;Zirconium-95;Air;low. pop.;Bq;1.25448E-07;x;9.94557E-08;2.59926E-08
1210;Zirconium-95;Eau;river;Bq;3.66667E-06;x;2.90695E-06;7.59718E-07
