SimaPro 7.3;Inventaire;Date:;04/03/2014;Heure:;16:57;;;
Projet;_Forest resources database;;;;;;;
;;;;;;;;
;;;;;;;;
Calculation: ;Analyser;;;;;;;
Results: ;Inventaire;;;;;;;
Product: ;1 m2 _Oak forest respacing by brush-cutter, in forest/FR U (of project _Forest resources database);;;;;;;
Méthode: ;;;;;;;;
Indicateur: ;Inventaire;;;;;;;
Unité: ;?;;;;;;;
Compartiment: ;Tous les compartiments;;;;;;;
Per sub-compartment: ;Oui;;;;;;;
Default units: ;Non;;;;;;;
Exclure les processus d'infrastructure: ;Non;;;;;;;
Exclure les émissions à long terme: ;Oui;;;;;;;
Sorted on item: ;Substance;;;;;;;
Sort order: ;Croissant;;;;;;;
;;;;;;;;
N°;Substance;Compartiment;Sous-compartiment;Unité;Total;_Oak forest respacing by brush-cutter, in forest/FR U;_Power sawing, without catalytic converter/hr/RER_Brush-cutter/hr/FR U;Operation, passenger car, diesel, fleet average/RER S
1;1-Butanol;Air;high. pop.;kg;6.23819E-17;x;3.96766E-17;2.27053E-17
2;1-Butanol;Eau;river;kg;4.15381E-13;x;3.31112E-13;8.42695E-14
3;1-Pentanol;Air;high. pop.;kg;3.73391E-17;x;2.91039E-17;8.23522E-18
4;1-Pentanol;Eau;river;kg;8.9615E-17;x;6.98507E-17;1.97643E-17
5;1-Pentene;Air;high. pop.;kg;2.82166E-17;x;2.19934E-17;6.22322E-18
6;1-Pentene;Eau;river;kg;6.77191E-17;x;5.27833E-17;1.49358E-17
7;1-Propanol;Air;high. pop.;kg;9.0742E-15;x;6.32462E-15;2.74958E-15
8;1-Propanol;Eau;river;kg;2.25381E-16;x;1.36771E-16;8.86106E-17
9;1,4-Butanediol;Air;high. pop.;kg;1.68403E-15;x;1.28855E-15;3.95477E-16
10;1,4-Butanediol;Eau;river;kg;6.73608E-16;x;5.15417E-16;1.58191E-16
11;2-Aminopropanol;Air;high. pop.;kg;8.91404E-18;x;3.78305E-18;5.13098E-18
12;2-Aminopropanol;Eau;river;kg;2.23893E-17;x;9.48709E-18;1.29022E-17
13;2-Butene, 2-methyl-;Air;high. pop.;kg;6.2588E-21;x;4.87842E-21;1.38038E-21
14;2-Methyl-1-propanol;Air;high. pop.;kg;1.14598E-16;x;8.15537E-17;3.30446E-17
15;2-Methyl-1-propanol;Eau;river;kg;2.75033E-16;x;1.95728E-16;7.93054E-17
16;2-Methyl-2-butene;Eau;river;kg;1.50214E-20;x;1.17084E-20;3.31297E-21
17;2-Nitrobenzoic acid;Air;high. pop.;kg;1.57832E-17;x;6.55566E-18;9.22751E-18
18;2-Propanol;Air;high. pop.;kg;2.4503E-11;x;1.95479E-11;4.95505E-12
19;2-Propanol;Eau;river;kg;1.18548E-16;x;7.50336E-17;4.35141E-17
20;2,4-D;Sol;agricultural;kg;6.23973E-13;x;4.1807E-13;2.05902E-13
21;4-Methyl-2-pentanone;Eau;;kg;1.66889E-16;x;1.34693E-16;3.21962E-17
22;Acenaphthene;Air;;kg;3.82907E-19;x;3.09036E-19;7.38711E-20
23;Acenaphthene;Air;high. pop.;kg;7.47465E-16;x;5.47653E-16;1.99812E-16
24;Acenaphthene;Air;low. pop.;kg;2.14676E-17;x;1.52811E-17;6.18643E-18
25;Acenaphthene;Eau;ocean;kg;3.24364E-13;x;2.24297E-13;1.00067E-13
26;Acenaphthene;Eau;river;kg;7.51203E-13;x;4.43278E-13;3.07925E-13
27;Acenaphthylene;Eau;ocean;kg;2.02855E-14;x;1.40272E-14;6.25827E-15
28;Acenaphthylene;Eau;river;kg;4.698E-14;x;2.77223E-14;1.92577E-14
29;Acetaldehyde;Air;;kg;3.84516E-08;x;3.17198E-11;3.84199E-08
30;Acetaldehyde;Air;high. pop.;kg;1.39982E-10;x;9.57526E-11;4.4229E-11
31;Acetaldehyde;Air;low. pop.;kg;6.76565E-12;x;4.53294E-12;2.2327E-12
32;Acetaldehyde;Eau;river;kg;8.03909E-13;x;6.26288E-13;1.7762E-13
33;Acetic acid;Air;;kg;7.06007E-10;x;3.84826E-10;3.21181E-10
34;Acetic acid;Air;high. pop.;kg;8.86358E-10;x;6.23736E-10;2.62622E-10
35;Acetic acid;Air;low. pop.;kg;4.44448E-11;x;2.97777E-11;1.46672E-11
36;Acetic acid;Eau;river;kg;5.19085E-11;x;2.90332E-11;2.28753E-11
37;Acetone;Air;high. pop.;kg;1.63075E-10;x;1.13922E-10;4.91531E-11
38;Acetone;Air;low. pop.;kg;3.36023E-11;x;2.41256E-11;9.47667E-12
39;Acetone;Eau;;kg;3.97769E-16;x;3.2103E-16;7.67392E-17
40;Acetone;Eau;river;kg;7.33418E-15;x;3.048E-15;4.28617E-15
41;Acetonitrile;Air;low. pop.;kg;1.85976E-12;x;1.24603E-12;6.13733E-13
42;Acetonitrile;Eau;river;kg;7.36014E-17;x;3.02643E-17;4.33371E-17
43;Acetyl chloride;Eau;river;kg;7.03975E-17;x;5.48711E-17;1.55264E-17
44;Acidity, unspecified;Eau;;kg;8.36964E-15;x;6.75497E-15;1.61467E-15
45;Acidity, unspecified;Eau;river;kg;5.49945E-11;x;4.36481E-11;1.13464E-11
46;Aclonifen;Sol;agricultural;kg;1.33894E-13;x;5.48507E-14;7.90434E-14
47;Acrolein;Air;;kg;2.21664E-16;x;1.78901E-16;4.27628E-17
48;Acrolein;Air;high. pop.;kg;3.65748E-13;x;2.36582E-13;1.29166E-13
49;Acrolein;Air;low. pop.;kg;4.48277E-14;x;3.25348E-14;1.22929E-14
50;Acrylate, ion;Eau;river;kg;1.5011E-13;x;1.19748E-13;3.03622E-14
51;Acrylic acid;Air;high. pop.;kg;6.34243E-14;x;5.05957E-14;1.28287E-14
52;Actinides, radioactive, unspecified;Air;low. pop.;Bq;8.72242E-08;x;6.20898E-08;2.51344E-08
53;Actinides, radioactive, unspecified;Eau;ocean;Bq;1.35766E-05;x;9.76346E-06;3.81319E-06
54;Aerosols, radioactive, unspecified;Air;low. pop.;Bq;2.02084E-06;x;1.474E-06;5.46846E-07
55;Aldehydes, unspecified;Air;;kg;1.62987E-15;x;1.31544E-15;3.14432E-16
56;Aldehydes, unspecified;Air;high. pop.;kg;8.56374E-12;x;5.07796E-12;3.48578E-12
57;Aldehydes, unspecified;Air;low. pop.;kg;3.77866E-12;x;2.68495E-12;1.09371E-12
58;Aldrin;Sol;agricultural;kg;1.63275E-15;x;1.30234E-15;3.30412E-16
59;Aluminium;Brut;in ground;kg;1.39206E-06;x;1.32405E-06;6.801E-08
60;Aluminium;Air;;kg;2.79237E-08;x;2.40215E-08;3.9022E-09
61;Aluminium;Air;high. pop.;kg;6.64144E-09;x;6.57195E-09;6.949E-11
62;Aluminium;Air;low. pop.;kg;2.76869E-10;x;2.21651E-10;5.52172E-11
63;Aluminium;Eau;;kg;3.35443E-11;x;2.44934E-11;9.05088E-12
64;Aluminium;Eau;groundwater;kg;6.99993E-10;x;5.3022E-10;1.69773E-10
65;Aluminium;Eau;ocean;kg;1.04358E-08;x;6.72446E-09;3.71134E-09
66;Aluminium;Eau;river;kg;4.96568E-09;x;3.71534E-09;1.25033E-09
67;Aluminium;Sol;agricultural;kg;5.09054E-10;x;4.37585E-10;7.1468E-11
68;Aluminium;Sol;industrial;kg;7.62929E-08;x;5.00464E-08;2.62466E-08
69;Ammonia;Air;;kg;1.08069E-07;x;1.49978E-08;9.30715E-08
70;Ammonia;Air;high. pop.;kg;2.37022E-09;x;1.64698E-09;7.23234E-10
71;Ammonia;Air;low. pop.;kg;1.00904E-08;x;6.55882E-09;3.53159E-09
72;Ammonium carbonate;Air;high. pop.;kg;1.71026E-12;x;1.61335E-12;9.6913E-14
73;Ammonium, ion;Eau;;kg;4.90624E-13;x;3.95972E-13;9.46522E-14
74;Ammonium, ion;Eau;groundwater;kg;9.05978E-11;x;7.37274E-11;1.68704E-11
75;Ammonium, ion;Eau;ocean;kg;7.05642E-09;x;4.90422E-09;2.1522E-09
76;Ammonium, ion;Eau;river;kg;1.07807E-08;x;7.56294E-09;3.21771E-09
77;Anhydrite;Brut;in ground;kg;8.7184E-11;x;8.28378E-11;4.34621E-12
78;Aniline;Air;high. pop.;kg;1.30959E-15;x;8.82417E-16;4.27177E-16
79;Aniline;Eau;river;kg;3.14951E-15;x;2.12054E-15;1.02897E-15
80;Anthranilic acid;Air;high. pop.;kg;1.15172E-17;x;4.7882E-18;6.72899E-18
81;Antimony;Air;;kg;2.67613E-14;x;1.6218E-14;1.05432E-14
82;Antimony;Air;high. pop.;kg;1.01498E-12;x;9.98122E-13;1.68539E-14
83;Antimony;Air;low. pop.;kg;9.07005E-12;x;7.29212E-12;1.77794E-12
84;Antimony;Eau;;kg;4.47971E-16;x;3.61548E-16;8.64227E-17
85;Antimony;Eau;groundwater;kg;3.43994E-11;x;2.50931E-11;9.30629E-12
86;Antimony;Eau;river;kg;6.48904E-11;x;5.78598E-11;7.03055E-12
87;Antimony;Sol;agricultural;kg;3.27004E-16;x;2.8119E-16;4.58148E-17
88;Antimony-122;Eau;river;Bq;6.72748E-09;x;2.83135E-09;3.89613E-09
89;Antimony-124;Air;low. pop.;Bq;1.66869E-11;x;7.02288E-12;9.66406E-12
90;Antimony-124;Eau;river;Bq;2.33478E-06;x;1.61378E-06;7.20996E-07
91;Antimony-125;Air;low. pop.;Bq;1.74142E-10;x;7.32899E-11;1.00852E-10
92;Antimony-125;Eau;river;Bq;2.19449E-06;x;1.52886E-06;6.65629E-07
93;AOX, Adsorbable Organic Halogen as Cl;Eau;;kg;1.3655E-11;x;1.3521E-11;1.33945E-13
94;AOX, Adsorbable Organic Halogen as Cl;Eau;ocean;kg;2.01453E-11;x;1.40051E-11;6.14011E-12
95;AOX, Adsorbable Organic Halogen as Cl;Eau;river;kg;1.12357E-10;x;7.50738E-11;3.72834E-11
96;Argon-41;Air;low. pop.;Bq;0.0009941;x;0.000721102;0.000272998
97;Arsenic;Air;;kg;1.60896E-13;x;9.75364E-14;6.336E-14
98;Arsenic;Air;high. pop.;kg;7.57857E-11;x;5.9528E-11;1.62577E-11
99;Arsenic;Air;low. pop.;kg;2.48151E-10;x;2.32141E-10;1.60103E-11
100;Arsenic;Sol;agricultural;kg;1.24355E-13;x;1.04788E-13;1.95665E-14
101;Arsenic;Sol;industrial;kg;3.05179E-11;x;2.00191E-11;1.04988E-11
102;Arsenic, ion;Eau;;kg;3.41414E-12;x;2.73471E-12;6.79423E-13
103;Arsenic, ion;Eau;groundwater;kg;1.72786E-10;x;1.26155E-10;4.66303E-11
104;Arsenic, ion;Eau;lake;kg;2.97425E-18;x;2.36885E-18;6.05405E-19
105;Arsenic, ion;Eau;ocean;kg;3.5273E-11;x;2.44488E-11;1.08241E-11
106;Arsenic, ion;Eau;river;kg;4.47188E-10;x;3.62162E-10;8.5026E-11
107;Arsine;Air;high. pop.;kg;7.39305E-19;x;5.89768E-19;1.49536E-19
108;Atrazine;Sol;agricultural;kg;4.28338E-16;x;3.41658E-16;8.66795E-17
109;Barite;Eau;ocean;kg;5.71666E-07;x;3.96596E-07;1.7507E-07
110;Barium;Air;;kg;5.63663E-20;x;3.97022E-20;1.66641E-20
111;Barium;Air;high. pop.;kg;7.81981E-11;x;7.73816E-11;8.16547E-13
112;Barium;Air;low. pop.;kg;4.23056E-11;x;3.11477E-11;1.1158E-11
113;Barium;Eau;;kg;1.1331E-11;x;9.14494E-12;2.18603E-12
114;Barium;Eau;groundwater;kg;1.12764E-11;x;8.64203E-12;2.63437E-12
115;Barium;Eau;ocean;kg;4.54765E-08;x;3.14472E-08;1.40294E-08
116;Barium;Eau;river;kg;1.05358E-07;x;6.21767E-08;4.3181E-08
117;Barium;Sol;agricultural;kg;2.20578E-12;x;1.29496E-12;9.10814E-13
118;Barium;Sol;industrial;kg;3.81476E-08;x;2.50239E-08;1.31236E-08
119;Barium-140;Air;low. pop.;Bq;1.13277E-08;x;4.76732E-09;6.56034E-09
120;Barium-140;Eau;river;Bq;2.94701E-08;x;1.24028E-08;1.70673E-08
121;Baryte;Brut;in ground;kg;1.30235E-05;x;8.59191E-06;4.43157E-06
122;Basalt;Brut;in ground;kg;1.4297E-07;x;9.88954E-08;4.40746E-08
123;Benomyl;Sol;agricultural;kg;3.97704E-15;x;2.66455E-15;1.31249E-15
124;Bentazone;Sol;agricultural;kg;6.8333E-14;x;2.79924E-14;4.03407E-14
125;Benzal chloride;Air;;kg;2.81208E-20;x;2.26957E-20;5.42508E-21
126;Benzaldehyde;Air;high. pop.;kg;1.9083E-13;x;1.23437E-13;6.73923E-14
127;Benzene;Air;;kg;4.26598E-09;x;1.07853E-10;4.15812E-09
128;Benzene;Air;high. pop.;kg;2.50196E-08;x;1.79058E-08;7.11384E-09
129;Benzene;Air;low. pop.;kg;1.83142E-09;x;1.28054E-09;5.50871E-10
130;Benzene;Air;stratosphere + troposphere;kg;2.36608E-15;x;2.26425E-15;1.01822E-16
131;Benzene;Eau;;kg;6.67566E-14;x;5.3878E-14;1.28786E-14
132;Benzene;Eau;ocean;kg;4.30476E-09;x;2.97685E-09;1.32791E-09
133;Benzene;Eau;river;kg;7.89936E-09;x;4.67124E-09;3.22812E-09
134;Benzene, 1-methyl-2-nitro-;Air;high. pop.;kg;1.36297E-17;x;5.66115E-18;7.96854E-18
135;Benzene, 1,2-dichloro-;Air;high. pop.;kg;3.34843E-16;x;1.61144E-16;1.73699E-16
136;Benzene, 1,2-dichloro-;Eau;river;kg;1.8048E-13;x;1.43197E-13;3.72834E-14
137;Benzene, chloro-;Eau;river;kg;3.71099E-12;x;2.94921E-12;7.61788E-13
138;Benzene, ethyl-;Air;high. pop.;kg;1.87948E-08;x;1.71903E-08;1.60453E-09
139;Benzene, ethyl-;Air;low. pop.;kg;3.95999E-15;x;2.81881E-15;1.14118E-15
140;Benzene, ethyl-;Eau;;kg;3.75196E-15;x;3.02813E-15;7.23824E-16
141;Benzene, ethyl-;Eau;ocean;kg;1.25176E-09;x;8.65587E-10;3.86177E-10
142;Benzene, ethyl-;Eau;river;kg;2.89858E-09;x;1.71039E-09;1.18818E-09
143;Benzene, hexachloro-;Air;;kg;5.13737E-13;x;4.3473E-13;7.9007E-14
144;Benzene, hexachloro-;Air;high. pop.;kg;2.16076E-15;x;1.58284E-15;5.77921E-16
145;Benzene, pentachloro-;Air;high. pop.;kg;5.42238E-15;x;3.97197E-15;1.45041E-15
146;Benzo(a)pyrene;Air;;kg;2.89729E-12;x;2.65333E-12;2.4397E-13
147;Benzo(a)pyrene;Air;high. pop.;kg;8.21906E-14;x;6.57725E-14;1.6418E-14
148;Benzo(a)pyrene;Air;low. pop.;kg;5.81721E-12;x;4.29909E-12;1.51813E-12
149;Beryllium;Air;;kg;4.01434E-14;x;2.43281E-14;1.58153E-14
150;Beryllium;Air;high. pop.;kg;7.9594E-13;x;7.84069E-13;1.18704E-14
151;Beryllium;Air;low. pop.;kg;4.01959E-13;x;3.87615E-13;1.43441E-14
152;Beryllium;Eau;;kg;3.9903E-16;x;3.2205E-16;7.69804E-17
153;Beryllium;Eau;groundwater;kg;1.22105E-12;x;9.52767E-13;2.68278E-13
154;Beryllium;Eau;river;kg;8.01164E-14;x;5.93458E-14;2.07707E-14
155;BOD5, Biological Oxygen Demand;Eau;;kg;1.10079E-08;x;9.33286E-09;1.675E-09
156;BOD5, Biological Oxygen Demand;Eau;groundwater;kg;1.80536E-11;x;1.47026E-11;3.35096E-12
157;BOD5, Biological Oxygen Demand;Eau;ocean;kg;5.54455E-06;x;3.5846E-06;1.95995E-06
158;BOD5, Biological Oxygen Demand;Eau;river;kg;2.84695E-05;x;1.96216E-05;8.84788E-06
159;Borate;Eau;river;kg;7.69265E-15;x;5.67319E-15;2.01946E-15
160;Borax;Brut;in ground;kg;1.01177E-11;x;5.28637E-12;4.83134E-12
161;Boron;Air;;kg;3.25348E-19;x;2.29162E-19;9.6186E-20
162;Boron;Air;high. pop.;kg;2.95707E-10;x;2.92155E-10;3.55119E-12
163;Boron;Air;low. pop.;kg;2.77795E-09;x;2.03058E-09;7.47369E-10
164;Boron;Eau;;kg;1.24979E-13;x;1.00869E-13;2.41107E-14
165;Boron;Eau;groundwater;kg;1.11401E-09;x;9.13536E-10;2.00471E-10
166;Boron;Eau;ocean;kg;4.32601E-10;x;3.01056E-10;1.31545E-10
167;Boron;Eau;river;kg;7.7648E-10;x;4.69683E-10;3.06797E-10
168;Boron;Sol;;kg;3.21051E-11;x;2.02651E-11;1.184E-11
169;Boron;Sol;agricultural;kg;6.15191E-13;x;3.60845E-13;2.54346E-13
170;Boron;Sol;industrial;kg;7.62929E-10;x;5.00464E-10;2.62466E-10
171;Boron trifluoride;Air;high. pop.;kg;1.01179E-20;x;8.07134E-21;2.04653E-21
172;Bromate;Eau;river;kg;1.92747E-10;x;1.4224E-10;5.05065E-11
173;Bromide;Eau;river;kg;1.09042E-12;x;7.51925E-13;3.38497E-13
174;Bromine;Brut;in water;kg;1.08833E-12;x;7.55683E-13;3.3265E-13
175;Bromine;Air;;kg;2.66823E-19;x;1.88101E-19;7.87224E-20
176;Bromine;Air;high. pop.;kg;1.33746E-11;x;1.167E-11;1.70461E-12
177;Bromine;Air;low. pop.;kg;3.04188E-10;x;2.22509E-10;8.1679E-11
178;Bromine;Eau;;kg;8.53273E-12;x;6.88659E-12;1.64614E-12
179;Bromine;Eau;groundwater;kg;8.00248E-11;x;5.84403E-11;2.15844E-11
180;Bromine;Eau;ocean;kg;3.65029E-08;x;2.52413E-08;1.12615E-08
181;Bromine;Eau;river;kg;8.51792E-08;x;5.03648E-08;3.48144E-08
182;Butadiene;Air;;kg;5.23029E-15;x;5.00521E-15;2.25075E-16
183;Butadiene;Air;high. pop.;kg;2.40645E-17;x;1.87571E-17;5.30744E-18
184;Butadiene;Air;low. pop.;kg;3.68834E-16;x;3.52961E-16;1.58727E-17
185;Butadiene;Air;stratosphere + troposphere;kg;2.24162E-15;x;2.14515E-15;9.64636E-17
186;Butane;Air;;kg;4.02469E-13;x;3.24825E-13;7.76449E-14
187;Butane;Air;high. pop.;kg;1.6769E-07;x;9.88212E-08;6.88689E-08
188;Butane;Air;low. pop.;kg;4.24978E-09;x;3.01695E-09;1.23283E-09
189;Butene;Air;high. pop.;kg;3.90037E-09;x;2.29695E-09;1.60342E-09
190;Butene;Eau;river;kg;3.62296E-11;x;3.61959E-11;3.36884E-14
191;Butyl acetate;Eau;river;kg;5.39807E-13;x;4.30325E-13;1.09482E-13
192;Butyrolactone;Air;high. pop.;kg;3.84382E-16;x;3.0615E-16;7.82314E-17
193;Butyrolactone;Eau;river;kg;9.22517E-16;x;7.34764E-16;1.87753E-16
194;Cadmium;Brut;in ground;kg;1.28196E-10;x;4.03053E-11;8.78906E-11
195;Cadmium;Air;;kg;1.47267E-11;x;1.49476E-12;1.32319E-11
196;Cadmium;Air;high. pop.;kg;1.44226E-10;x;1.07475E-10;3.67508E-11
197;Cadmium;Air;low. pop.;kg;1.80327E-11;x;1.42405E-11;3.7922E-12
198;Cadmium;Air;stratosphere + troposphere;kg;1.18601E-18;x;1.13497E-18;5.10392E-20
199;Cadmium;Sol;;kg;1.74295E-12;x;2.00471E-14;1.7229E-12
200;Cadmium;Sol;agricultural;kg;2.53879E-13;x;2.00855E-13;5.30241E-14
201;Cadmium, ion;Eau;;kg;1.70699E-11;x;1.24757E-11;4.59415E-12
202;Cadmium, ion;Eau;groundwater;kg;1.40028E-12;x;1.13056E-12;2.69718E-13
203;Cadmium, ion;Eau;lake;kg;2.52632E-18;x;2.01209E-18;5.14226E-19
204;Cadmium, ion;Eau;ocean;kg;1.40926E-11;x;9.79045E-12;4.30214E-12
205;Cadmium, ion;Eau;river;kg;2.05771E-11;x;1.3973E-11;6.60407E-12
206;Calcite;Brut;in ground;kg;4.3214E-05;x;3.3144E-05;1.00701E-05
207;Calcium;Air;high. pop.;kg;1.89698E-09;x;1.6321E-09;2.64878E-10
208;Calcium;Air;low. pop.;kg;3.4475E-11;x;2.75097E-11;6.96531E-12
209;Calcium;Sol;agricultural;kg;4.67588E-09;x;3.8277E-09;8.48177E-10
210;Calcium;Sol;industrial;kg;3.05179E-07;x;2.00191E-07;1.04988E-07
211;Calcium, ion;Eau;;kg;1.2799E-10;x;1.03298E-10;2.4692E-11
212;Calcium, ion;Eau;groundwater;kg;8.75302E-08;x;6.64246E-08;2.11055E-08
213;Calcium, ion;Eau;lake;kg;4.38816E-11;x;3.84095E-11;5.4721E-12
214;Calcium, ion;Eau;ocean;kg;1.65212E-06;x;1.14228E-06;5.09836E-07
215;Calcium, ion;Eau;river;kg;3.83196E-06;x;2.30176E-06;1.5302E-06
216;Carbetamide;Sol;agricultural;kg;2.50596E-14;x;1.06407E-14;1.44189E-14
217;Carbofuran;Sol;agricultural;kg;2.1804E-12;x;1.46085E-12;7.19556E-13
218;Carbon;Sol;agricultural;kg;3.14299E-09;x;2.80796E-09;3.35027E-10
219;Carbon;Sol;industrial;kg;2.28885E-07;x;1.50143E-07;7.87415E-08
220;Carbon-14;Air;low. pop.;Bq;0.008392325;x;0.005932326;0.002459999
221;Carbon dioxide, biogenic;Air;;kg;6.64294E-07;x;4.55129E-07;2.09164E-07
222;Carbon dioxide, biogenic;Air;high. pop.;kg;1.21271E-05;x;9.71375E-06;2.41333E-06
223;Carbon dioxide, biogenic;Air;low. pop.;kg;4.8159E-06;x;4.43517E-06;3.80729E-07
224;Carbon dioxide, fossil;Air;;kg;0.00347011;x;6.81345E-05;0.003401975
225;Carbon dioxide, fossil;Air;high. pop.;kg;0.000935091;x;0.000712602;0.00022249
226;Carbon dioxide, fossil;Air;low. pop.;kg;0.002957777;x;0.002685786;0.000271991
227;Carbon dioxide, fossil;Air;stratosphere + troposphere;kg;3.73588E-10;x;3.57511E-10;1.60773E-11
228;Carbon dioxide, in air;Brut;in air;kg;1.85434E-05;x;1.5547E-05;2.99649E-06
229;Carbon dioxide, land transformation;Air;low. pop.;kg;4.79321E-08;x;3.34452E-08;1.44869E-08
230;Carbon disulfide;Air;;kg;5.21561E-21;x;4.20942E-21;1.00619E-21
231;Carbon disulfide;Air;high. pop.;kg;3.44564E-15;x;2.78315E-15;6.62489E-16
232;Carbon disulfide;Air;low. pop.;kg;2.35955E-09;x;2.08067E-09;2.7888E-10
233;Carbon disulfide;Eau;river;kg;3.88107E-15;x;3.24773E-15;6.3334E-16
234;Carbon monoxide, biogenic;Air;high. pop.;kg;1.70447E-09;x;1.43517E-09;2.69302E-10
235;Carbon monoxide, biogenic;Air;low. pop.;kg;1.16727E-07;x;1.16454E-07;2.7331E-10
236;Carbon monoxide, fossil;Air;;kg;4.25027E-06;x;1.17813E-06;3.07214E-06
237;Carbon monoxide, fossil;Air;high. pop.;kg;3.37471E-07;x;2.83841E-07;5.36296E-08
238;Carbon monoxide, fossil;Air;low. pop.;kg;0.001016211;x;0.001015796;4.15309E-07
239;Carbon monoxide, fossil;Air;stratosphere + troposphere;kg;4.38816E-13;x;4.19931E-13;1.88846E-14
240;Carbon, in organic matter, in soil;Brut;in ground;kg;2.75407E-09;x;1.84518E-09;9.08888E-10
241;Carbonate;Eau;river;kg;1.43932E-09;x;1.33795E-09;1.01372E-10
242;Carboxylic acids, unspecified;Eau;ocean;kg;2.93706E-07;x;2.03111E-07;9.05956E-08
243;Carboxylic acids, unspecified;Eau;river;kg;4.44439E-07;x;2.62255E-07;1.82184E-07
244;Cerium-141;Air;low. pop.;Bq;2.74608E-09;x;1.15572E-09;1.59036E-09
245;Cerium-141;Eau;river;Bq;1.17827E-08;x;4.95893E-09;6.82373E-09
246;Cerium-144;Eau;river;Bq;3.58706E-09;x;1.50964E-09;2.07741E-09
247;Cesium;Eau;ocean;kg;5.21475E-11;x;3.60597E-11;1.60879E-11
248;Cesium;Eau;river;kg;1.20769E-10;x;7.12654E-11;4.95036E-11
249;Cesium-134;Air;low. pop.;Bq;1.31521E-10;x;5.53523E-11;7.61684E-11
250;Cesium-134;Eau;river;Bq;1.94591E-06;x;1.4259E-06;5.20004E-07
251;Cesium-136;Eau;river;Bq;2.09119E-09;x;8.80105E-10;1.21109E-09
252;Cesium-137;Air;low. pop.;Bq;2.33141E-09;x;9.81209E-10;1.35021E-09
253;Cesium-137;Eau;ocean;Bq;0.00155577;x;0.001118807;0.000436963
254;Cesium-137;Eau;river;Bq;7.54127E-06;x;4.48562E-06;3.05565E-06
255;Chloramine;Air;high. pop.;kg;1.49294E-16;x;1.09745E-16;3.95495E-17
256;Chloramine;Eau;river;kg;1.34166E-15;x;9.8316E-16;3.58503E-16
257;Chlorate;Eau;river;kg;1.60876E-09;x;1.17933E-09;4.29433E-10
258;Chloride;Eau;;kg;1.7923E-08;x;1.24606E-08;5.46239E-09
259;Chloride;Eau;groundwater;kg;1.20194E-06;x;9.78706E-07;2.23236E-07
260;Chloride;Eau;ocean;kg;2.61643E-05;x;1.80929E-05;8.07143E-06
261;Chloride;Eau;river;kg;6.12056E-05;x;3.61944E-05;2.50112E-05
262;Chloride;Sol;;kg;8.76026E-08;x;2.13607E-08;6.6242E-08
263;Chloride;Sol;agricultural;kg;4.1929E-11;x;3.38034E-11;8.12556E-12
264;Chloride;Sol;industrial;kg;2.67026E-07;x;1.7516E-07;9.18656E-08
265;Chlorinated solvents, unspecified;Eau;ocean;kg;3.32049E-14;x;3.32049E-14;4.08074E-20
266;Chlorinated solvents, unspecified;Eau;river;kg;2.10443E-12;x;1.79564E-12;3.08793E-13
267;Chlorine;Air;;kg;3.94564E-13;x;3.90132E-13;4.43209E-15
268;Chlorine;Air;high. pop.;kg;9.55855E-10;x;6.58462E-10;2.97393E-10
269;Chlorine;Air;low. pop.;kg;1.10908E-12;x;7.88904E-13;3.20175E-13
270;Chlorine;Eau;river;kg;4.54413E-11;x;4.20749E-11;3.36641E-12
271;Chloroacetic acid;Air;high. pop.;kg;2.88905E-14;x;1.12517E-14;1.76388E-14
272;Chloroacetic acid;Eau;river;kg;1.54479E-12;x;6.34744E-13;9.1005E-13
273;Chloroacetyl chloride;Eau;river;kg;2.986E-17;x;1.26526E-17;1.72073E-17
274;Chloroform;Air;;kg;2.3731E-21;x;1.91528E-21;4.57819E-22
275;Chloroform;Air;high. pop.;kg;1.73117E-13;x;1.3125E-13;4.18675E-14
276;Chloroform;Air;low. pop.;kg;4.12682E-15;x;2.9376E-15;1.18923E-15
277;Chloroform;Eau;river;kg;8.44286E-15;x;6.72835E-15;1.7145E-15
278;Chlorosilane, trimethyl-;Air;high. pop.;kg;7.17698E-14;x;4.97655E-14;2.20043E-14
279;Chlorosulfonic acid;Air;high. pop.;kg;1.07327E-16;x;4.41315E-17;6.31952E-17
280;Chlorosulfonic acid;Eau;river;kg;2.67647E-16;x;1.10054E-16;1.57592E-16
281;Chlorothalonil;Sol;agricultural;kg;8.62226E-13;x;7.22701E-13;1.39525E-13
282;Chromium;Brut;in ground;kg;9.52785E-06;x;9.49951E-06;2.83426E-08
283;Chromium;Air;;kg;2.15429E-10;x;5.80018E-11;1.57427E-10
284;Chromium;Air;high. pop.;kg;8.9377E-11;x;7.04317E-11;1.89454E-11
285;Chromium;Air;low. pop.;kg;3.2783E-08;x;3.26902E-08;9.27818E-11
286;Chromium;Air;stratosphere + troposphere;kg;5.93011E-18;x;5.67491E-18;2.55196E-19
287;Chromium;Sol;;kg;8.31243E-12;x;9.5606E-14;8.21683E-12
288;Chromium;Sol;agricultural;kg;3.7964E-12;x;3.11339E-12;6.83015E-13
289;Chromium;Sol;industrial;kg;3.81476E-10;x;2.50239E-10;1.31236E-10
290;Chromium-51;Air;low. pop.;Bq;1.75968E-10;x;7.40579E-11;1.0191E-10
291;Chromium-51;Eau;river;Bq;3.21435E-06;x;1.70632E-06;1.50803E-06
292;Chromium VI;Air;;kg;1.07419E-13;x;4.74533E-15;1.02673E-13
293;Chromium VI;Air;high. pop.;kg;2.5066E-12;x;2.29641E-12;2.10188E-13
294;Chromium VI;Air;low. pop.;kg;8.19517E-10;x;8.17131E-10;2.38643E-12
295;Chromium VI;Eau;;kg;5.80093E-12;x;4.68194E-12;1.11899E-12
296;Chromium VI;Eau;groundwater;kg;1.02428E-10;x;7.47624E-11;2.76659E-11
297;Chromium VI;Eau;river;kg;2.81351E-09;x;2.41982E-09;3.9369E-10
298;Chromium VI;Sol;;kg;1.81394E-10;x;1.14475E-10;6.69186E-11
299;Chromium, ion;Eau;;kg;5.14704E-11;x;3.53014E-11;1.61691E-11
300;Chromium, ion;Eau;groundwater;kg;1.07049E-13;x;6.07346E-14;4.63145E-14
301;Chromium, ion;Eau;ocean;kg;2.50458E-10;x;1.74287E-10;7.61718E-11
302;Chromium, ion;Eau;river;kg;2.27446E-10;x;1.22374E-10;1.05071E-10
303;Chrysotile;Brut;in ground;kg;3.65653E-11;x;2.69093E-11;9.65608E-12
304;Cinnabar;Brut;in ground;kg;3.41914E-12;x;2.52512E-12;8.94018E-13
305;Clay;Brut;in ground;kg;1.09806E-05;x;7.97019E-06;3.01037E-06
306;Clay, bentonite;Brut;in ground;kg;1.28786E-06;x;9.28562E-07;3.59301E-07
307;Coal, brown;Brut;in ground;kg;0.000107535;x;7.83443E-05;2.9191E-05
308;Coal, hard;Brut;in ground;kg;0.00012562;x;0.000102358;2.32622E-05
309;Cobalt;Brut;in ground;kg;3.26735E-11;x;1.93648E-12;3.0737E-11
310;Cobalt;Air;;kg;5.35524E-14;x;3.24607E-14;2.10917E-14
311;Cobalt;Air;high. pop.;kg;1.54741E-10;x;1.16586E-10;3.81545E-11
312;Cobalt;Air;low. pop.;kg;3.89449E-10;x;3.86249E-10;3.19949E-12
313;Cobalt;Eau;;kg;8.82144E-16;x;7.11962E-16;1.70182E-16
314;Cobalt;Eau;groundwater;kg;1.25494E-11;x;9.59971E-12;2.94964E-12
315;Cobalt;Eau;ocean;kg;4.68655E-14;x;3.37025E-14;1.3163E-14
316;Cobalt;Eau;river;kg;1.02255E-10;x;8.68093E-11;1.54454E-11
317;Cobalt;Sol;agricultural;kg;3.44372E-13;x;2.96577E-13;4.77946E-14
318;Cobalt-57;Eau;river;Bq;6.63817E-08;x;2.79375E-08;3.84442E-08
319;Cobalt-58;Air;low. pop.;Bq;2.45044E-10;x;1.0313E-10;1.41914E-10
320;Cobalt-58;Eau;river;Bq;2.12291E-05;x;1.28582E-05;8.3709E-06
321;Cobalt-60;Air;low. pop.;Bq;2.16474E-09;x;9.11053E-10;1.25368E-09
322;Cobalt-60;Eau;river;Bq;1.70083E-05;x;1.00277E-05;6.98058E-06
323;COD, Chemical Oxygen Demand;Eau;;kg;1.52319E-08;x;1.35164E-08;1.71542E-09
324;COD, Chemical Oxygen Demand;Eau;groundwater;kg;1.80536E-11;x;1.47026E-11;3.35096E-12
325;COD, Chemical Oxygen Demand;Eau;ocean;kg;5.63272E-06;x;3.64588E-06;1.98684E-06
326;COD, Chemical Oxygen Demand;Eau;river;kg;2.86823E-05;x;1.97546E-05;8.92769E-06
327;Colemanite;Brut;in ground;kg;7.07808E-10;x;5.31923E-10;1.75885E-10
328;Copper;Air;;kg;8.57034E-09;x;4.11927E-11;8.52914E-09
329;Copper;Air;high. pop.;kg;2.66288E-10;x;2.00259E-10;6.60285E-11
330;Copper;Air;low. pop.;kg;1.46788E-09;x;1.40553E-09;6.23519E-11
331;Copper;Air;stratosphere + troposphere;kg;2.01617E-16;x;1.9294E-16;8.67628E-18
332;Copper;Sol;;kg;2.29869E-10;x;7.28039E-11;1.57065E-10
333;Copper;Sol;agricultural;kg;6.75531E-12;x;5.98489E-12;7.70411E-13
334;Copper;Sol;industrial;kg;1.85622E-12;x;1.00603E-12;8.5019E-13
335;Copper, 0.99% in sulfide, Cu 0.36% and Mo 8.2E-3% in crude ore, in ground;Brut;in ground;kg;1.23884E-08;x;9.9289E-09;2.45948E-09
336;Copper, 1.18% in sulfide, Cu 0.39% and Mo 8.2E-3% in crude ore, in ground;Brut;in ground;kg;6.83383E-08;x;5.4805E-08;1.35333E-08
337;Copper, 1.42% in sulfide, Cu 0.81% and Mo 8.2E-3% in crude ore, in ground;Brut;in ground;kg;1.81281E-08;x;1.45382E-08;3.58988E-09
338;Copper, 2.19% in sulfide, Cu 1.83% and Mo 8.2E-3% in crude ore, in ground;Brut;in ground;kg;9.01821E-08;x;7.23211E-08;1.78609E-08
339;Copper, ion;Eau;;kg;1.56803E-10;x;3.38588E-11;1.22944E-10
340;Copper, ion;Eau;groundwater;kg;9.58149E-12;x;7.50894E-12;2.07256E-12
341;Copper, ion;Eau;lake;kg;1.14668E-16;x;9.13274E-17;2.33403E-17
342;Copper, ion;Eau;ocean;kg;5.47473E-11;x;3.83825E-11;1.63648E-11
343;Copper, ion;Eau;river;kg;1.41255E-10;x;1.15435E-10;2.58198E-11
344;Cumene;Air;;kg;2.1297E-22;x;1.71884E-22;4.10867E-23
345;Cumene;Air;high. pop.;kg;2.49526E-10;x;1.46402E-10;1.03125E-10
346;Cumene;Air;low. pop.;kg;2.29265E-16;x;1.63197E-16;6.60685E-17
347;Cumene;Eau;river;kg;5.99608E-10;x;3.51804E-10;2.47804E-10
348;Cyanide;Air;;kg;1.00399E-19;x;8.10306E-20;1.93687E-20
349;Cyanide;Air;high. pop.;kg;8.89712E-12;x;6.39461E-12;2.50251E-12
350;Cyanide;Air;low. pop.;kg;3.67401E-10;x;3.64801E-10;2.5995E-12
351;Cyanide;Eau;;kg;3.40531E-11;x;2.72759E-11;6.77723E-12
352;Cyanide;Eau;ocean;kg;1.94156E-10;x;1.35831E-10;5.83248E-11
353;Cyanide;Eau;river;kg;3.10536E-10;x;2.15114E-10;9.54226E-11
354;Cyanoacetic acid;Air;high. pop.;kg;8.78963E-17;x;3.61423E-17;5.1754E-17
355;Cypermethrin;Sol;agricultural;kg;3.0845E-13;x;2.06531E-13;1.01919E-13
356;Diatomite;Brut;in ground;kg;4.52819E-14;x;1.52823E-14;2.99996E-14
357;Dichromate;Eau;river;kg;4.72926E-12;x;2.98533E-12;1.74393E-12
358;Diethylamine;Air;high. pop.;kg;5.85791E-16;x;3.93475E-16;1.92316E-16
359;Diethylamine;Eau;river;kg;1.40591E-15;x;9.44356E-16;4.61549E-16
360;Dimethyl malonate;Air;high. pop.;kg;1.10221E-16;x;4.53221E-17;6.4899E-17
361;Dimethylamine;Eau;river;kg;1.26443E-15;x;6.69764E-16;5.94665E-16
362;Dinitrogen monoxide;Air;;kg;1.3126E-07;x;3.2956E-09;1.27964E-07
363;Dinitrogen monoxide;Air;high. pop.;kg;1.11833E-08;x;8.19828E-09;2.98504E-09
364;Dinitrogen monoxide;Air;low. pop.;kg;1.24439E-08;x;7.74232E-09;4.70155E-09
365;Dinitrogen monoxide;Air;stratosphere + troposphere;kg;3.55798E-15;x;3.40486E-15;1.53118E-16
366;Dioxin, 2,3,7,8 Tetrachlorodibenzo-p-;Air;;kg;3.85219E-16;x;3.11119E-16;7.41001E-17
367;Dioxin, 2,3,7,8 Tetrachlorodibenzo-p-;Air;high. pop.;kg;4.37912E-17;x;3.48655E-17;8.92561E-18
368;Dioxin, 2,3,7,8 Tetrachlorodibenzo-p-;Air;low. pop.;kg;2.25592E-16;x;2.07953E-16;1.76388E-17
369;Dipropylamine;Air;high. pop.;kg;3.69046E-16;x;2.49206E-16;1.1984E-16
370;Dipropylamine;Eau;river;kg;8.85733E-16;x;5.98109E-16;2.87625E-16
371;DOC, Dissolved Organic Carbon;Eau;;kg;4.54793E-09;x;4.27988E-09;2.68053E-10
372;DOC, Dissolved Organic Carbon;Eau;lake;kg;7.34824E-12;x;4.35245E-12;2.99579E-12
373;DOC, Dissolved Organic Carbon;Eau;ocean;kg;1.82738E-06;x;1.195E-06;6.32385E-07
374;DOC, Dissolved Organic Carbon;Eau;river;kg;8.54154E-06;x;5.81764E-06;2.72391E-06
375;Dolomite;Brut;in ground;kg;1.49857E-07;x;1.24345E-07;2.55126E-08
376;Energy, gross calorific value, in biomass;Brut;biotic;MJ;0.000187922;x;0.000160086;2.78359E-05
377;Energy, gross calorific value, in biomass, primary forest;Brut;biotic;MJ;1.90943E-07;x;1.2793E-07;6.3013E-08
378;Energy, kinetic (in wind), converted;Brut;in air;MJ;4.65069E-05;x;3.45331E-05;1.19738E-05
379;Energy, potential (in hydropower reservoir), converted;Brut;in water;MJ;0.000729427;x;0.000630677;9.87505E-05
380;Energy, solar, converted;Brut;in air;MJ;6.49042E-07;x;4.60386E-07;1.88655E-07
381;Ethane;Air;;kg;5.95454E-13;x;4.80579E-13;1.14875E-13
382;Ethane;Air;high. pop.;kg;4.23531E-08;x;2.54403E-08;1.69129E-08
383;Ethane;Air;low. pop.;kg;2.87205E-08;x;2.29109E-08;5.80957E-09
384;Ethane, 1,1-difluoro-, HFC-152a;Air;high. pop.;kg;2.38518E-13;x;1.69456E-13;6.90615E-14
385;Ethane, 1,1,1-trichloro-, HCFC-140;Air;;kg;4.38975E-21;x;3.54288E-21;8.46876E-22
386;Ethane, 1,1,1-trichloro-, HCFC-140;Air;low. pop.;kg;8.42018E-16;x;5.99366E-16;2.42651E-16
387;Ethane, 1,1,1,2-tetrafluoro-, HFC-134a;Air;;kg;1.07331E-10;x;2.42584E-11;8.30723E-11
388;Ethane, 1,1,1,2-tetrafluoro-, HFC-134a;Air;high. pop.;kg;8.10069E-15;x;6.36968E-15;1.731E-15
389;Ethane, 1,1,1,2-tetrafluoro-, HFC-134a;Air;low. pop.;kg;2.02081E-13;x;1.43817E-13;5.82641E-14
390;Ethane, 1,1,2-trichloro-1,2,2-trifluoro-, CFC-113;Air;high. pop.;kg;3.01003E-15;x;2.40119E-15;6.0884E-16
391;Ethane, 1,2-dichloro-;Air;high. pop.;kg;6.96661E-11;x;6.22009E-11;7.46519E-12
392;Ethane, 1,2-dichloro-;Air;low. pop.;kg;1.68196E-15;x;1.19726E-15;4.84695E-16
393;Ethane, 1,2-dichloro-;Eau;river;kg;2.019E-12;x;1.42821E-12;5.90795E-13
394;Ethane, 1,2-dichloro-1,1,2,2-tetrafluoro-, CFC-114;Air;low. pop.;kg;3.48291E-12;x;2.44825E-12;1.03466E-12
395;Ethane, hexafluoro-, HFC-116;Air;;kg;1.84069E-11;x;1.69886E-11;1.41822E-12
396;Ethane, hexafluoro-, HFC-116;Air;high. pop.;kg;2.13317E-13;x;1.69656E-13;4.36616E-14
397;Ethanol;Air;high. pop.;kg;2.6572E-10;x;1.79968E-10;8.57512E-11
398;Ethanol;Air;low. pop.;kg;1.21299E-12;x;8.56446E-13;3.56542E-13
399;Ethanol;Eau;river;kg;9.82596E-13;x;7.75184E-13;2.07412E-13
400;Ethene;Air;high. pop.;kg;9.85883E-09;x;6.56461E-09;3.29423E-09
401;Ethene;Air;low. pop.;kg;2.20359E-09;x;2.04448E-09;1.59104E-10
402;Ethene;Eau;river;kg;2.35627E-10;x;1.32208E-10;1.0342E-10
403;Ethene, chloro-;Air;;kg;1.60816E-21;x;1.29791E-21;3.1025E-22
404;Ethene, chloro-;Air;high. pop.;kg;3.23574E-11;x;3.01554E-11;2.20199E-12
405;Ethene, chloro-;Eau;river;kg;6.94181E-14;x;5.04571E-14;1.8961E-14
406;Ethene, tetrachloro-;Air;;kg;3.47704E-18;x;2.80624E-18;6.708E-19
407;Ethene, tetrachloro-;Air;high. pop.;kg;2.10087E-16;x;1.50079E-16;6.00078E-17
408;Ethene, tetrachloro-;Air;low. pop.;kg;1.80911E-15;x;1.28776E-15;5.2134E-16
409;Ethyl acetate;Air;high. pop.;kg;1.14432E-10;x;9.12233E-11;2.32085E-11
410;Ethyl acetate;Eau;river;kg;1.55784E-15;x;1.0552E-15;5.02636E-16
411;Ethyl cellulose;Air;high. pop.;kg;2.30239E-13;x;1.83673E-13;4.65661E-14
412;Ethylamine;Air;high. pop.;kg;8.33714E-17;x;6.14555E-17;2.19158E-17
413;Ethylamine;Eau;river;kg;2.00094E-16;x;1.47497E-16;5.25973E-17
414;Ethylene diamine;Air;high. pop.;kg;9.84555E-16;x;7.17057E-16;2.67498E-16
415;Ethylene diamine;Eau;river;kg;2.37129E-15;x;1.72534E-15;6.45954E-16
416;Ethylene oxide;Air;;kg;5.05596E-14;x;4.83838E-14;2.17579E-15
417;Ethylene oxide;Air;high. pop.;kg;3.06779E-12;x;1.75172E-12;1.31608E-12
418;Ethylene oxide;Air;low. pop.;kg;3.56543E-15;x;3.41199E-15;1.53435E-16
419;Ethylene oxide;Air;stratosphere + troposphere;kg;2.16673E-14;x;2.07349E-14;9.32468E-16
420;Ethylene oxide;Eau;river;kg;7.87317E-14;x;6.07112E-14;1.80206E-14
421;Ethyne;Air;;kg;4.66824E-13;x;3.45333E-13;1.2149E-13
422;Ethyne;Air;high. pop.;kg;3.10306E-10;x;3.07053E-10;3.25363E-12
423;Ethyne;Air;low. pop.;kg;2.87601E-11;x;2.24729E-11;6.28724E-12
424;Feldspar;Brut;in ground;kg;1.01368E-13;x;7.94645E-14;2.19037E-14
425;Fenpiclonil;Sol;agricultural;kg;3.85539E-14;x;3.03368E-14;8.21717E-15
426;Fluoride;Eau;;kg;1.40638E-10;x;9.53336E-11;4.53047E-11
427;Fluoride;Eau;groundwater;kg;5.94216E-10;x;4.68655E-10;1.25561E-10
428;Fluoride;Eau;ocean;kg;5.70565E-09;x;3.96276E-09;1.74289E-09
429;Fluoride;Eau;river;kg;7.82717E-09;x;4.7172E-09;3.10996E-09
430;Fluoride;Sol;;kg;1.22722E-10;x;7.74604E-11;4.52613E-11
431;Fluoride;Sol;industrial;kg;3.81476E-09;x;2.50239E-09;1.31236E-09
432;Fluorine;Air;;kg;6.06084E-15;x;4.19354E-15;1.8673E-15
433;Fluorine;Air;high. pop.;kg;5.02171E-12;x;4.04989E-12;9.71819E-13
434;Fluorine;Air;low. pop.;kg;1.30463E-10;x;1.28624E-10;1.83884E-12
435;Fluorine, 4.5% in apatite, 1% in crude ore, in ground;Brut;in ground;kg;7.70225E-09;x;5.2386E-09;2.46364E-09
436;Fluorine, 4.5% in apatite, 3% in crude ore, in ground;Brut;in ground;kg;3.40373E-09;x;2.31221E-09;1.09152E-09
437;Fluorspar;Brut;in ground;kg;2.32935E-07;x;1.61429E-07;7.15062E-08
438;Fluosilicic acid;Air;high. pop.;kg;2.15136E-11;x;1.9856E-11;1.65752E-12
439;Fluosilicic acid;Eau;river;kg;3.87235E-11;x;3.574E-11;2.98347E-12
440;Formaldehyde;Air;;kg;7.13693E-08;x;1.12954E-10;7.12563E-08
441;Formaldehyde;Air;high. pop.;kg;6.17751E-10;x;4.57738E-10;1.60013E-10
442;Formaldehyde;Air;low. pop.;kg;1.43596E-10;x;1.03819E-10;3.97768E-11
443;Formaldehyde;Air;stratosphere + troposphere;kg;1.86809E-14;x;1.7877E-14;8.03898E-16
444;Formaldehyde;Eau;;kg;1.3655E-09;x;1.3521E-09;1.33945E-11
445;Formaldehyde;Eau;river;kg;1.18855E-12;x;1.08237E-12;1.06187E-13
446;Formamide;Air;high. pop.;kg;6.829E-17;x;5.32287E-17;1.50614E-17
447;Formamide;Eau;river;kg;1.63901E-16;x;1.27752E-16;3.61487E-17
448;Formate;Eau;river;kg;2.44056E-14;x;1.17272E-14;1.26784E-14
449;Formic acid;Air;high. pop.;kg;1.42444E-13;x;1.13639E-13;2.88058E-14
450;Formic acid;Air;low. pop.;kg;1.24387E-11;x;8.33386E-12;4.10486E-12
451;Formic acid;Eau;river;kg;4.75778E-17;x;3.70845E-17;1.04933E-17
452;Furan;Air;;kg;3.41625E-22;x;2.7572E-22;6.59054E-23
453;Furan;Air;low. pop.;kg;3.53212E-12;x;2.36651E-12;1.16561E-12
454;Gallium;Brut;in ground;kg;1.83715E-15;x;1.30502E-15;5.32132E-16
455;Gas, mine, off-gas, process, coal mining/m3;Brut;in ground;m3;1.2181E-06;x;9.90789E-07;2.27313E-07
456;Gas, natural/m3;Brut;in ground;m3;0.000221112;x;0.000135181;8.59317E-05
457;Glutaraldehyde;Eau;ocean;kg;7.05745E-11;x;4.89623E-11;2.16122E-11
458;Glyphosate;Sol;agricultural;kg;6.40721E-12;x;3.40465E-12;3.00256E-12
459;Glyphosate;Sol;industrial;kg;1.57971E-11;x;6.12927E-12;9.66788E-12
460;Gold;Brut;in ground;kg;4.95206E-13;x;3.95043E-13;1.00163E-13
461;Gold, Au 1.1E-4%, Ag 4.2E-3%, in ore, in ground;Brut;in ground;kg;2.25542E-13;x;1.79923E-13;4.56188E-14
462;Gold, Au 1.3E-4%, Ag 4.6E-5%, in ore, in ground;Brut;in ground;kg;4.13598E-13;x;3.29942E-13;8.36552E-14
463;Gold, Au 2.1E-4%, Ag 2.1E-4%, in ore, in ground;Brut;in ground;kg;7.56384E-13;x;6.03396E-13;1.52987E-13
464;Gold, Au 4.3E-4%, in ore, in ground;Brut;in ground;kg;1.87461E-13;x;1.49544E-13;3.79167E-14
465;Gold, Au 4.9E-5%, in ore, in ground;Brut;in ground;kg;4.48994E-13;x;3.58179E-13;9.08142E-14
466;Gold, Au 6.7E-4%, in ore, in ground;Brut;in ground;kg;6.95119E-13;x;5.54522E-13;1.40597E-13
467;Gold, Au 7.1E-4%, in ore, in ground;Brut;in ground;kg;7.83805E-13;x;6.25268E-13;1.58536E-13
468;Gold, Au 9.7E-4%, Ag 9.7E-4%, Zn 0.63%, Cu 0.38%, Pb 0.014%, in ore, in ground;Brut;in ground;kg;4.69678E-14;x;3.74679E-14;9.49992E-15
469;Granite;Brut;in ground;kg;4.89846E-16;x;4.06547E-16;8.32996E-17
470;Gravel;Brut;in ground;kg;0.000224575;x;0.000125476;9.90992E-05
471;Gypsum;Brut;in ground;kg;1.66339E-10;x;1.16211E-10;5.01283E-11
472;Heat, waste;Air;;MJ;0.050548114;x;0.001650034;0.04889808
473;Heat, waste;Air;high. pop.;MJ;0.013507243;x;0.010313824;0.003193418
474;Heat, waste;Air;low. pop.;MJ;0.010602756;x;0.006425546;0.00417721
475;Heat, waste;Air;stratosphere + troposphere;MJ;5.4082E-09;x;5.17546E-09;2.32744E-10
476;Heat, waste;Eau;;MJ;6.04162E-06;x;5.58862E-06;4.52995E-07
477;Heat, waste;Eau;ocean;MJ;4.96595E-08;x;3.49783E-08;1.46812E-08
478;Heat, waste;Eau;river;MJ;0.003243635;x;0.002367904;0.000875731
479;Heat, waste;Sol;;MJ;2.7971E-05;x;1.56485E-05;1.23226E-05
480;Heat, waste;Sol;industrial;MJ;8.93791E-07;x;6.20637E-07;2.73154E-07
481;Helium;Air;;kg;1.69595E-18;x;1.16413E-18;5.3182E-19
482;Helium;Air;low. pop.;kg;1.01968E-08;x;4.05375E-09;6.14306E-09
483;Heptane;Air;high. pop.;kg;3.88526E-08;x;2.28185E-08;1.60341E-08
484;Hexane;Air;;kg;3.44659E-13;x;2.78165E-13;6.64935E-14
485;Hexane;Air;high. pop.;kg;9.28605E-08;x;5.84695E-08;3.43911E-08
486;Hexane;Air;low. pop.;kg;8.07231E-11;x;5.73567E-11;2.33663E-11
487;Hydrocarbons, aliphatic, alkanes, cyclic;Air;high. pop.;kg;4.52115E-12;x;2.76247E-12;1.75868E-12
488;Hydrocarbons, aliphatic, alkanes, cyclic;Air;low. pop.;kg;2.43853E-14;x;1.73581E-14;7.02726E-15
489;Hydrocarbons, aliphatic, alkanes, unspecified;Air;;kg;5.44961E-09;x;4.28882E-09;1.16079E-09
490;Hydrocarbons, aliphatic, alkanes, unspecified;Air;high. pop.;kg;3.92752E-07;x;3.90913E-07;1.83884E-09
491;Hydrocarbons, aliphatic, alkanes, unspecified;Air;low. pop.;kg;1.38875E-09;x;1.06106E-09;3.27688E-10
492;Hydrocarbons, aliphatic, alkanes, unspecified;Eau;ocean;kg;6.77927E-09;x;4.6878E-09;2.09147E-09
493;Hydrocarbons, aliphatic, alkanes, unspecified;Eau;river;kg;1.57001E-08;x;9.26446E-09;6.43559E-09
494;Hydrocarbons, aliphatic, unsaturated;Air;;kg;1.003E-19;x;7.06474E-20;2.96526E-20
495;Hydrocarbons, aliphatic, unsaturated;Air;high. pop.;kg;7.15521E-08;x;7.14801E-08;7.19938E-11
496;Hydrocarbons, aliphatic, unsaturated;Air;low. pop.;kg;4.38559E-10;x;3.23646E-10;1.14913E-10
497;Hydrocarbons, aliphatic, unsaturated;Eau;ocean;kg;6.25782E-10;x;4.32719E-10;1.93063E-10
498;Hydrocarbons, aliphatic, unsaturated;Eau;river;kg;1.44924E-09;x;8.55182E-10;5.94057E-10
499;Hydrocarbons, aromatic;Air;;kg;1.98119E-09;x;1.67639E-09;3.04802E-10
500;Hydrocarbons, aromatic;Air;high. pop.;kg;7.22074E-08;x;7.21546E-08;5.28263E-11
501;Hydrocarbons, aromatic;Air;low. pop.;kg;5.05581E-10;x;3.92808E-10;1.12773E-10
502;Hydrocarbons, aromatic;Eau;ocean;kg;2.871E-08;x;1.98582E-08;8.85187E-09
503;Hydrocarbons, aromatic;Eau;river;kg;6.35132E-08;x;3.74332E-08;2.608E-08
504;Hydrocarbons, chlorinated;Air;;kg;5.36497E-11;x;5.02919E-11;3.35773E-12
505;Hydrocarbons, chlorinated;Air;high. pop.;kg;5.39937E-11;x;5.38467E-11;1.46965E-13
506;Hydrocarbons, chlorinated;Air;low. pop.;kg;8.54534E-15;x;6.08274E-15;2.4626E-15
507;Hydrocarbons, unspecified;Eau;;kg;1.50534E-10;x;1.22834E-10;2.77006E-11
508;Hydrocarbons, unspecified;Eau;ocean;kg;1.09046E-08;x;7.62083E-09;3.28382E-09
509;Hydrocarbons, unspecified;Eau;river;kg;7.88385E-10;x;6.84783E-10;1.03602E-10
510;Hydrogen;Air;;kg;4.18141E-11;x;2.27941E-11;1.902E-11
511;Hydrogen;Air;high. pop.;kg;6.76944E-09;x;4.77739E-09;1.99205E-09
512;Hydrogen-3, Tritium;Air;low. pop.;Bq;0.047747132;x;0.034494229;0.013252903
513;Hydrogen-3, Tritium;Eau;ocean;Bq;3.232297064;x;2.324450126;0.907846938
514;Hydrogen-3, Tritium;Eau;river;Bq;0.348404505;x;0.250153754;0.098250751
515;Hydrogen chloride;Air;;kg;5.63338E-09;x;4.02175E-09;1.61163E-09
516;Hydrogen chloride;Air;high. pop.;kg;3.21943E-08;x;3.01736E-08;2.02068E-09
517;Hydrogen chloride;Air;low. pop.;kg;2.19874E-08;x;1.66793E-08;5.30814E-09
518;Hydrogen chloride;Air;stratosphere + troposphere;kg;1.01997E-16;x;9.76077E-17;4.38941E-18
519;Hydrogen fluoride;Air;;kg;8.88728E-10;x;7.67192E-10;1.21536E-10
520;Hydrogen fluoride;Air;high. pop.;kg;1.46006E-09;x;1.27519E-09;1.84873E-10
521;Hydrogen fluoride;Air;low. pop.;kg;4.13416E-09;x;3.03072E-09;1.10344E-09
522;Hydrogen peroxide;Air;high. pop.;kg;1.70995E-13;x;1.36368E-13;3.4627E-14
523;Hydrogen peroxide;Eau;river;kg;1.88185E-12;x;1.51181E-12;3.70041E-13
524;Hydrogen sulfide;Air;;kg;6.29136E-10;x;4.8324E-10;1.45896E-10
525;Hydrogen sulfide;Air;high. pop.;kg;7.84596E-13;x;5.07347E-13;2.77249E-13
526;Hydrogen sulfide;Air;low. pop.;kg;1.98342E-09;x;1.65999E-09;3.23437E-10
527;Hydrogen sulfide;Eau;river;kg;4.12997E-11;x;3.29219E-11;8.37784E-12
528;Hydroxide;Eau;river;kg;4.93754E-12;x;3.91894E-12;1.0186E-12
529;Hypochlorite;Eau;ocean;kg;9.37958E-11;x;6.85712E-11;2.52246E-11
530;Hypochlorite;Eau;river;kg;8.93976E-11;x;6.53302E-11;2.40673E-11
531;Indium;Brut;in ground;kg;2.22692E-12;x;7.35791E-13;1.49113E-12
532;Iodide;Eau;groundwater;kg;9.72898E-12;x;7.10588E-12;2.6231E-12
533;Iodide;Eau;ocean;kg;5.21475E-09;x;3.60597E-09;1.60879E-09
534;Iodide;Eau;river;kg;1.20921E-08;x;7.13931E-09;4.95279E-09
535;Iodine;Brut;in water;kg;3.59099E-13;x;2.45797E-13;1.13303E-13
536;Iodine;Air;;kg;1.35735E-19;x;9.56063E-20;4.0129E-20
537;Iodine;Air;high. pop.;kg;7.06765E-12;x;6.99606E-12;7.15843E-14
538;Iodine;Air;low. pop.;kg;1.63002E-10;x;1.19013E-10;4.39895E-11
539;Iodine-129;Air;low. pop.;Bq;8.35854E-06;x;6.01098E-06;2.34757E-06
540;Iodine-131;Air;low. pop.;Bq;0.000392495;x;0.000285369;0.000107126
541;Iodine-131;Eau;river;Bq;4.37516E-07;x;2.94571E-07;1.42945E-07
542;Iodine-133;Air;low. pop.;Bq;2.36276E-08;x;1.28026E-08;1.0825E-08
543;Iodine-133;Eau;river;Bq;1.85006E-08;x;7.78614E-09;1.07145E-08
544;Iodine-135;Air;low. pop.;Bq;2.18698E-08;x;1.54042E-08;6.46561E-09
545;Iron;Brut;in ground;kg;4.50417E-05;x;3.60781E-05;8.96361E-06
546;Iron;Air;;kg;4.17572E-10;x;3.55363E-10;6.22096E-11
547;Iron;Air;high. pop.;kg;3.49014E-09;x;3.26051E-09;2.29621E-10
548;Iron;Air;low. pop.;kg;3.18874E-10;x;2.95451E-10;2.34236E-11
549;Iron;Sol;;kg;3.03732E-08;x;1.19813E-08;1.83919E-08
550;Iron;Sol;agricultural;kg;2.36053E-09;x;2.16356E-09;1.96967E-10
551;Iron;Sol;industrial;kg;1.52589E-07;x;1.00094E-07;5.24949E-08
552;Iron-59;Eau;river;Bq;5.08624E-09;x;2.1406E-09;2.94565E-09
553;Iron, ion;Eau;;kg;7.65856E-09;x;5.29937E-09;2.35919E-09
554;Iron, ion;Eau;groundwater;kg;1.74206E-07;x;1.27263E-07;4.69426E-08
555;Iron, ion;Eau;ocean;kg;2.79569E-09;x;1.93493E-09;8.60757E-10
556;Iron, ion;Eau;river;kg;1.7238E-08;x;1.2002E-08;5.23596E-09
557;Isocyanic acid;Air;high. pop.;kg;5.02975E-12;x;3.05002E-12;1.97973E-12
558;Isoprene;Air;;kg;4.5637E-21;x;3.68329E-21;8.80415E-22
559;Isoprene;Air;low. pop.;kg;1.63902E-13;x;1.09813E-13;5.40894E-14
560;Isopropylamine;Air;high. pop.;kg;2.14112E-17;x;1.35522E-17;7.85905E-18
561;Isopropylamine;Eau;river;kg;5.13879E-17;x;3.25258E-17;1.88621E-17
562;Kaolinite;Brut;in ground;kg;1.35701E-08;x;1.29443E-08;6.25861E-10
563;Kieserite;Brut;in ground;kg;1.65769E-11;x;8.46158E-12;8.11533E-12
564;Krypton-85;Air;low. pop.;Bq;0.003115448;x;0.002257415;0.000858033
565;Krypton-85m;Air;low. pop.;Bq;0.000212785;x;0.000104827;0.000107959
566;Krypton-87;Air;low. pop.;Bq;7.39677E-05;x;4.27171E-05;3.12506E-05
567;Krypton-88;Air;low. pop.;Bq;7.74284E-05;x;4.1651E-05;3.57774E-05
568;Krypton-89;Air;low. pop.;Bq;2.28597E-05;x;1.03754E-05;1.24843E-05
569;Lactic acid;Air;high. pop.;kg;2.89098E-16;x;1.95223E-16;9.38749E-17
570;Lactic acid;Eau;river;kg;6.93826E-16;x;4.68526E-16;2.253E-16
571;Lanthanum-140;Air;low. pop.;Bq;9.6813E-10;x;4.07455E-10;5.60674E-10
572;Lanthanum-140;Eau;river;Bq;3.13886E-08;x;1.32101E-08;1.81785E-08
573;Lead;Brut;in ground;kg;1.47311E-08;x;6.9189E-09;7.81221E-09
574;Lead;Air;;kg;6.23232E-10;x;1.59306E-10;4.63926E-10
575;Lead;Air;high. pop.;kg;3.32524E-10;x;2.42645E-10;8.9879E-11
576;Lead;Air;low. pop.;kg;1.15092E-09;x;1.10752E-09;4.33996E-11
577;Lead;Air;stratosphere + troposphere;kg;2.37213E-18;x;2.27005E-18;1.0208E-19
578;Lead;Eau;;kg;1.0247E-10;x;2.58088E-11;7.66611E-11
579;Lead;Eau;groundwater;kg;5.83535E-13;x;4.69474E-13;1.14061E-13
580;Lead;Eau;lake;kg;7.48555E-18;x;5.96189E-18;1.52366E-18
581;Lead;Eau;ocean;kg;3.89649E-10;x;2.71086E-10;1.18563E-10
582;Lead;Eau;river;kg;3.81863E-10;x;2.2286E-10;1.59003E-10
583;Lead;Sol;;kg;7.17291E-11;x;8.24989E-13;7.09041E-11
584;Lead;Sol;agricultural;kg;2.18914E-12;x;1.90238E-12;2.86757E-13
585;Lead-210;Air;;Bq;5.63663E-14;x;3.97022E-14;1.66641E-14
586;Lead-210;Air;high. pop.;Bq;2.88276E-05;x;2.8536E-05;2.91615E-07
587;Lead-210;Air;low. pop.;Bq;4.25269E-05;x;3.08822E-05;1.16447E-05
588;Lead-210;Eau;;Bq;1.15193E-08;x;9.29696E-09;2.22229E-09
589;Lead-210;Eau;groundwater;Bq;7.43708E-08;x;5.05881E-08;2.37828E-08
590;Lead-210;Eau;ocean;Bq;8.789E-05;x;5.97522E-05;2.81378E-05
591;Lead-210;Eau;river;Bq;1.89536E-05;x;1.3996E-05;4.95765E-06
592;Linuron;Sol;agricultural;kg;1.03189E-12;x;4.22862E-13;6.09031E-13
593;Lithium;Brut;in ground;kg;1.97566E-15;x;1.53993E-15;4.35731E-16
594;Lithium, ion;Eau;;kg;4.27893E-11;x;3.45345E-11;8.25483E-12
595;Lithium, ion;Eau;river;kg;3.12637E-15;x;2.43685E-15;6.89522E-16
596;m-Xylene;Air;high. pop.;kg;1.19849E-11;x;9.66618E-12;2.31876E-12
597;m-Xylene;Eau;;kg;1.20587E-15;x;9.7323E-16;2.3264E-16
598;m-Xylene;Eau;river;kg;1.73195E-16;x;1.36278E-16;3.69173E-17
599;Magnesite;Brut;in ground;kg;7.54849E-07;x;6.37563E-07;1.17286E-07
600;Magnesium;Brut;in water;kg;1.00686E-06;x;1.00686E-06;1.23739E-12
601;Magnesium;Air;;kg;8.25806E-16;x;6.66491E-16;1.59315E-16
602;Magnesium;Air;high. pop.;kg;2.38946E-09;x;2.35754E-09;3.19151E-11
603;Magnesium;Air;low. pop.;kg;1.00108E-10;x;8.01787E-11;1.99292E-11
604;Magnesium;Eau;;kg;2.49709E-11;x;2.01534E-11;4.81746E-12
605;Magnesium;Eau;groundwater;kg;3.43454E-08;x;2.60321E-08;8.3133E-09
606;Magnesium;Eau;ocean;kg;2.87711E-07;x;1.99069E-07;8.86419E-08
607;Magnesium;Eau;river;kg;6.35944E-07;x;3.75127E-07;2.60818E-07
608;Magnesium;Sol;agricultural;kg;5.13693E-10;x;4.23752E-10;8.99414E-11
609;Magnesium;Sol;industrial;kg;6.10348E-08;x;4.00368E-08;2.0998E-08
610;Mancozeb;Sol;agricultural;kg;1.11985E-12;x;9.38639E-13;1.81212E-13
611;Manganese;Brut;in ground;kg;8.27396E-08;x;7.00995E-08;1.26401E-08
612;Manganese;Air;;kg;5.3865E-11;x;4.52539E-11;8.61104E-12
613;Manganese;Air;high. pop.;kg;3.46545E-11;x;3.01634E-11;4.49109E-12
614;Manganese;Air;low. pop.;kg;1.60091E-10;x;1.51407E-10;8.68409E-12
615;Manganese;Eau;;kg;4.88125E-11;x;3.98357E-11;8.97679E-12
616;Manganese;Eau;groundwater;kg;1.78608E-09;x;1.3621E-09;4.23985E-10
617;Manganese;Eau;ocean;kg;2.30325E-09;x;1.59364E-09;7.09614E-10
618;Manganese;Eau;river;kg;5.45176E-09;x;3.2862E-09;2.16556E-09
619;Manganese;Sol;agricultural;kg;2.70223E-10;x;2.17462E-10;5.27604E-11
620;Manganese;Sol;industrial;kg;3.05179E-09;x;2.00191E-09;1.04988E-09
621;Manganese-54;Air;low. pop.;Bq;9.01149E-11;x;3.79254E-11;5.21895E-11
622;Manganese-54;Eau;river;Bq;1.30843E-06;x;7.98381E-07;5.10045E-07
623;Mercury;Air;;kg;6.06954E-11;x;5.11116E-11;9.58373E-12
624;Mercury;Air;high. pop.;kg;1.48635E-11;x;1.12887E-11;3.57479E-12
625;Mercury;Air;low. pop.;kg;3.22884E-11;x;1.75886E-11;1.46998E-11
626;Mercury;Air;stratosphere + troposphere;kg;8.30209E-21;x;7.94482E-21;3.57271E-22
627;Mercury;Eau;;kg;2.73145E-12;x;2.22399E-12;5.07459E-13
628;Mercury;Eau;groundwater;kg;1.86671E-13;x;1.41541E-13;4.51295E-14
629;Mercury;Eau;lake;kg;6.47509E-20;x;5.15711E-20;1.31799E-20
630;Mercury;Eau;ocean;kg;1.11309E-12;x;7.72419E-13;3.40666E-13
631;Mercury;Eau;river;kg;1.35796E-12;x;1.10656E-12;2.51396E-13
632;Mercury;Sol;agricultural;kg;2.12235E-14;x;2.00544E-14;1.1691E-15
633;Metaldehyde;Sol;agricultural;kg;4.93941E-15;x;2.18861E-15;2.7508E-15
634;Metamorphous rock, graphite containing;Brut;in ground;kg;3.56509E-09;x;3.47061E-09;9.44787E-11
635;Methane, biogenic;Air;;kg;1.01416E-08;x;7.29904E-09;2.84258E-09
636;Methane, biogenic;Air;high. pop.;kg;8.22348E-10;x;7.82785E-10;3.95633E-11
637;Methane, biogenic;Air;low. pop.;kg;3.12914E-08;x;2.98536E-08;1.43786E-09
638;Methane, bromo-, Halon 1001;Air;;kg;6.43268E-21;x;5.19169E-21;1.24098E-21
639;Methane, bromochlorodifluoro-, Halon 1211;Air;low. pop.;kg;3.24298E-12;x;2.68529E-12;5.5769E-13
640;Methane, bromotrifluoro-, Halon 1301;Air;high. pop.;kg;2.15316E-18;x;7.26658E-19;1.4265E-18
641;Methane, bromotrifluoro-, Halon 1301;Air;low. pop.;kg;1.07969E-10;x;5.78844E-11;5.00849E-11
642;Methane, chlorodifluoro-, HCFC-22;Air;high. pop.;kg;1.96762E-13;x;1.45043E-13;5.17193E-14
643;Methane, chlorodifluoro-, HCFC-22;Air;low. pop.;kg;1.25582E-11;x;1.02795E-11;2.27868E-12
644;Methane, dichloro-, HCC-30;Air;high. pop.;kg;1.06937E-14;x;7.3792E-15;3.31453E-15
645;Methane, dichloro-, HCC-30;Air;low. pop.;kg;1.22135E-14;x;8.69386E-15;3.51961E-15
646;Methane, dichloro-, HCC-30;Eau;river;kg;1.93149E-09;x;1.267E-09;6.64484E-10
647;Methane, dichlorodifluoro-, CFC-12;Air;;kg;4.27685E-21;x;3.45176E-21;8.25084E-22
648;Methane, dichlorodifluoro-, CFC-12;Air;high. pop.;kg;2.00837E-12;x;2.00591E-12;2.45774E-15
649;Methane, dichlorodifluoro-, CFC-12;Air;low. pop.;kg;1.72875E-14;x;1.34313E-14;3.85622E-15
650;Methane, dichlorofluoro-, HCFC-21;Air;high. pop.;kg;2.30468E-17;x;1.8122E-17;4.92486E-18
651;Methane, fossil;Air;;kg;5.09284E-08;x;2.04416E-09;4.88842E-08
652;Methane, fossil;Air;high. pop.;kg;3.71861E-07;x;3.08245E-07;6.36168E-08
653;Methane, fossil;Air;low. pop.;kg;7.13627E-06;x;3.30122E-06;3.83505E-06
654;Methane, fossil;Air;stratosphere + troposphere;kg;5.93011E-15;x;5.67491E-15;2.55196E-16
655;Methane, monochloro-, R-40;Air;high. pop.;kg;1.08289E-15;x;7.582E-16;3.24686E-16
656;Methane, monochloro-, R-40;Air;low. pop.;kg;2.23011E-14;x;1.58746E-14;6.42657E-15
657;Methane, tetrachloro-, CFC-10;Air;;kg;1.91239E-18;x;1.54346E-18;3.6893E-19
658;Methane, tetrachloro-, CFC-10;Air;high. pop.;kg;2.01306E-12;x;1.49939E-12;5.13671E-13
659;Methane, tetrafluoro-, CFC-14;Air;;kg;1.65666E-10;x;1.52902E-10;1.27641E-11
660;Methane, tetrafluoro-, CFC-14;Air;high. pop.;kg;1.22671E-14;x;8.71534E-15;3.55171E-15
661;Methane, trichlorofluoro-, CFC-11;Air;high. pop.;kg;3.74154E-17;x;2.94203E-17;7.99508E-18
662;Methane, trifluoro-, HFC-23;Air;high. pop.;kg;7.33302E-15;x;5.76604E-15;1.56699E-15
663;Methanesulfonic acid;Air;high. pop.;kg;8.8822E-17;x;3.65231E-17;5.22988E-17
664;Methanol;Air;;kg;3.55801E-10;x;1.93927E-10;1.61874E-10
665;Methanol;Air;high. pop.;kg;3.82467E-10;x;2.54385E-10;1.28082E-10
666;Methanol;Air;low. pop.;kg;1.39511E-08;x;1.38652E-08;8.58814E-11
667;Methanol;Eau;;kg;4.0964E-10;x;4.05622E-10;4.01828E-12
668;Methanol;Eau;ocean;kg;3.80531E-11;x;3.22227E-11;5.8304E-12
669;Methanol;Eau;river;kg;2.79439E-12;x;2.21433E-12;5.80055E-13
670;Methyl acetate;Air;high. pop.;kg;3.65479E-18;x;1.51803E-18;2.13675E-18
671;Methyl acetate;Eau;river;kg;8.77121E-18;x;3.64318E-18;5.12803E-18
672;Methyl acrylate;Air;high. pop.;kg;7.1961E-14;x;5.74056E-14;1.45554E-14
673;Methyl acrylate;Eau;river;kg;1.40578E-12;x;1.12143E-12;2.84345E-13
674;Methyl amine;Air;high. pop.;kg;3.5355E-16;x;2.46726E-16;1.06824E-16
675;Methyl amine;Eau;river;kg;8.48485E-16;x;5.92109E-16;2.56376E-16
676;Methyl borate;Air;high. pop.;kg;1.45049E-17;x;1.10767E-17;3.42817E-18
677;Methyl ethyl ketone;Air;high. pop.;kg;1.1443E-10;x;9.12218E-11;2.32085E-11
678;Methyl formate;Air;high. pop.;kg;2.97027E-16;x;2.36632E-16;6.03947E-17
679;Methyl formate;Eau;river;kg;1.18584E-16;x;9.44716E-17;2.41124E-17
680;Methyl lactate;Air;high. pop.;kg;3.17375E-16;x;2.14314E-16;1.0306E-16
681;Metolachlor;Sol;agricultural;kg;7.46618E-12;x;3.05855E-12;4.40763E-12
682;Metribuzin;Sol;agricultural;kg;3.94314E-14;x;3.30507E-14;6.38076E-15
683;Molybdenum;Brut;in ground;kg;2.01166E-09;x;1.69686E-09;3.14796E-10
684;Molybdenum;Air;;kg;3.31259E-16;x;2.40174E-16;9.10849E-17
685;Molybdenum;Air;high. pop.;kg;7.60535E-11;x;5.76391E-11;1.84144E-11
686;Molybdenum;Air;low. pop.;kg;2.46784E-12;x;1.80307E-12;6.64762E-13
687;Molybdenum;Eau;;kg;9.14757E-16;x;7.38282E-16;1.76475E-16
688;Molybdenum;Eau;groundwater;kg;2.34668E-10;x;1.71706E-10;6.29627E-11
689;Molybdenum;Eau;ocean;kg;1.0815E-11;x;7.52633E-12;3.28867E-12
690;Molybdenum;Eau;river;kg;1.22494E-10;x;9.19947E-11;3.04993E-11
691;Molybdenum;Sol;agricultural;kg;1.12705E-13;x;1.02074E-13;1.06312E-14
692;Molybdenum-99;Eau;river;Bq;1.0822E-08;x;4.55456E-09;6.26746E-09
693;Molybdenum, 0.010% in sulfide, Mo 8.2E-3% and Cu 1.83% in crude ore, in ground;Brut;in ground;kg;1.67587E-09;x;1.34396E-09;3.31904E-10
694;Molybdenum, 0.014% in sulfide, Mo 8.2E-3% and Cu 0.81% in crude ore, in ground;Brut;in ground;kg;2.38113E-10;x;1.90958E-10;4.71543E-11
695;Molybdenum, 0.022% in sulfide, Mo 8.2E-3% and Cu 0.36% in crude ore, in ground;Brut;in ground;kg;9.97501E-10;x;8.41368E-10;1.56133E-10
696;Molybdenum, 0.025% in sulfide, Mo 8.2E-3% and Cu 0.39% in crude ore, in ground;Brut;in ground;kg;8.72512E-10;x;6.99725E-10;1.72786E-10
697;Monoethanolamine;Air;high. pop.;kg;5.51259E-12;x;4.10502E-12;1.40757E-12
698;Napropamide;Sol;agricultural;kg;8.73874E-15;x;3.87218E-15;4.86656E-15
699;Nickel;Air;;kg;1.78603E-10;x;3.13845E-11;1.47218E-10
700;Nickel;Air;high. pop.;kg;1.61647E-09;x;1.16846E-09;4.48016E-10
701;Nickel;Air;low. pop.;kg;1.00457E-09;x;8.07425E-10;1.9714E-10
702;Nickel;Air;stratosphere + troposphere;kg;8.30209E-18;x;7.94482E-18;3.57271E-19
703;Nickel;Sol;;kg;2.25236E-11;x;2.59069E-13;2.22646E-11
704;Nickel;Sol;agricultural;kg;1.44315E-12;x;1.18877E-12;2.5438E-13
705;Nickel, 1.13% in sulfide, Ni 0.76% and Cu 0.76% in crude ore, in ground;Brut;in ground;kg;6.72579E-10;x;5.81402E-10;9.11768E-11
706;Nickel, 1.98% in silicates, 1.04% in crude ore, in ground;Brut;in ground;kg;2.19969E-05;x;2.18622E-05;1.34613E-07
707;Nickel, ion;Eau;;kg;1.0721E-10;x;6.91123E-11;3.80972E-11
708;Nickel, ion;Eau;groundwater;kg;7.13754E-11;x;5.45963E-11;1.67791E-11
709;Nickel, ion;Eau;lake;kg;1.01676E-17;x;8.09804E-18;2.06961E-18
710;Nickel, ion;Eau;ocean;kg;2.34413E-11;x;1.62995E-11;7.14177E-12
711;Nickel, ion;Eau;river;kg;4.09891E-10;x;3.76374E-10;3.35166E-11
712;Niobium-95;Air;low. pop.;Bq;1.06974E-11;x;4.50216E-12;6.19528E-12
713;Niobium-95;Eau;river;Bq;2.0019E-07;x;1.41286E-07;5.89043E-08
714;Nitrate;Air;high. pop.;kg;1.26315E-12;x;1.08594E-12;1.77204E-13
715;Nitrate;Air;low. pop.;kg;1.14707E-11;x;8.15043E-12;3.32025E-12
716;Nitrate;Eau;groundwater;kg;6.76748E-09;x;4.7442E-09;2.02328E-09
717;Nitrate;Eau;ocean;kg;9.88545E-09;x;6.90302E-09;2.98243E-09
718;Nitrate;Eau;river;kg;2.85601E-08;x;2.34758E-08;5.08431E-09
719;Nitrite;Eau;ocean;kg;2.10658E-11;x;1.51491E-11;5.91663E-12
720;Nitrite;Eau;river;kg;2.29963E-10;x;2.24711E-10;5.25157E-12
721;Nitrobenzene;Air;high. pop.;kg;1.76438E-15;x;1.18525E-15;5.79136E-16
722;Nitrobenzene;Eau;river;kg;7.07074E-15;x;4.74989E-15;2.32085E-15
723;Nitrogen;Eau;ocean;kg;2.23112E-10;x;1.54419E-10;6.86936E-11
724;Nitrogen;Eau;river;kg;9.42401E-09;x;6.64267E-09;2.78134E-09
725;Nitrogen oxides;Air;;kg;1.30093E-05;x;4.01999E-07;1.26073E-05
726;Nitrogen oxides;Air;high. pop.;kg;1.28234E-06;x;9.80059E-07;3.02286E-07
727;Nitrogen oxides;Air;low. pop.;kg;1.17852E-05;x;1.01274E-05;1.65778E-06
728;Nitrogen oxides;Air;stratosphere + troposphere;kg;1.66036E-12;x;1.5889E-12;7.14524E-14
729;Nitrogen, organic bound;Eau;ocean;kg;1.53358E-08;x;1.33208E-08;2.01495E-09
730;Nitrogen, organic bound;Eau;river;kg;1.2825E-08;x;1.03295E-08;2.49557E-09
731;NMVOC, non-methane volatile organic compounds, unspecified origin;Air;;kg;5.14404E-07;x;6.04024E-08;4.54002E-07
732;NMVOC, non-methane volatile organic compounds, unspecified origin;Air;high. pop.;kg;4.50962E-07;x;4.24127E-07;2.68348E-08
733;NMVOC, non-methane volatile organic compounds, unspecified origin;Air;low. pop.;kg;0.000395981;x;0.000393989;1.9917E-06
734;NMVOC, non-methane volatile organic compounds, unspecified origin;Air;stratosphere + troposphere;kg;7.95762E-14;x;7.61517E-14;3.42453E-15
735;Noble gases, radioactive, unspecified;Air;low. pop.;Bq;80.32419715;x;57.76466141;22.55953574
736;o-Xylene;Eau;;kg;8.78357E-16;x;7.08902E-16;1.69455E-16
737;Occupation, arable, non-irrigated;Brut;land;m2a;3.65524E-08;x;1.62068E-08;2.03456E-08
738;Occupation, construction site;Brut;land;m2a;3.6419E-07;x;2.59298E-07;1.04893E-07
739;Occupation, dump site;Brut;land;m2a;1.47834E-06;x;1.32442E-06;1.53923E-07
740;Occupation, dump site, benthos;Brut;land;m2a;9.17477E-07;x;6.36515E-07;2.80962E-07
741;Occupation, forest, intensive;Brut;land;m2a;4.44731E-07;x;3.9806E-07;4.66702E-08
742;Occupation, forest, intensive, normal;Brut;land;m2a;1.45472E-05;x;1.23935E-05;2.15376E-06
743;Occupation, forest, intensive, short-cycle;Brut;land;m2a;4.78961E-08;x;3.20897E-08;1.58064E-08
744;Occupation, industrial area;Brut;land;m2a;8.22135E-06;x;5.65863E-06;2.56272E-06
745;Occupation, industrial area, benthos;Brut;land;m2a;7.34949E-09;x;4.90146E-09;2.44803E-09
746;Occupation, industrial area, built up;Brut;land;m2a;1.02061E-06;x;8.45855E-07;1.74757E-07
747;Occupation, industrial area, vegetation;Brut;land;m2a;4.31114E-07;x;3.37718E-07;9.3396E-08
748;Occupation, mineral extraction site;Brut;land;m2a;9.49849E-07;x;6.71334E-07;2.78515E-07
749;Occupation, permanent crop, fruit, intensive;Brut;land;m2a;6.88031E-08;x;4.60492E-08;2.27539E-08
750;Occupation, shrub land, sclerophyllous;Brut;land;m2a;7.22502E-08;x;6.79411E-08;4.30908E-09
751;Occupation, traffic area, rail embankment;Brut;land;m2a;2.34699E-07;x;9.10634E-08;1.43635E-07
752;Occupation, traffic area, rail network;Brut;land;m2a;2.59523E-07;x;1.00695E-07;1.58828E-07
753;Occupation, traffic area, road embankment;Brut;land;m2a;2.27363E-07;x;1.47156E-07;8.02076E-08
754;Occupation, traffic area, road network;Brut;land;m2a;5.13377E-06;x;2.89673E-06;2.23704E-06
755;Occupation, urban, discontinuously built;Brut;land;m2a;2.70879E-10;x;1.7487E-10;9.6009E-11
756;Occupation, water bodies, artificial;Brut;land;m2a;1.0971E-06;x;7.73781E-07;3.23315E-07
757;Occupation, water courses, artificial;Brut;land;m2a;2.39752E-06;x;1.02323E-06;1.37429E-06
758;Oil, crude;Brut;in ground;kg;0.00288179;x;0.00171342;0.001168369
759;Oils, biogenic;Sol;;kg;1.6993E-10;x;6.5933E-11;1.03997E-10
760;Oils, biogenic;Sol;forestry;kg;1.31726E-10;x;1.10855E-10;2.08713E-11
761;Oils, unspecified;Eau;;kg;1.63524E-09;x;1.09159E-09;5.43653E-10
762;Oils, unspecified;Eau;ocean;kg;1.76712E-06;x;1.14331E-06;6.23814E-07
763;Oils, unspecified;Eau;river;kg;8.97055E-06;x;6.18366E-06;2.78689E-06
764;Oils, unspecified;Sol;;kg;5.22266E-08;x;3.48306E-08;1.73959E-08
765;Oils, unspecified;Sol;forestry;kg;1.11325E-05;x;7.69809E-06;3.43442E-06
766;Oils, unspecified;Sol;industrial;kg;3.09354E-10;x;2.10375E-10;9.89795E-11
767;Olivine;Brut;in ground;kg;3.33335E-11;x;3.17744E-11;1.55909E-12
768;Orbencarb;Sol;agricultural;kg;2.12935E-13;x;1.78478E-13;3.4457E-14
769;Ozone;Air;;kg;2.90448E-09;x;2.11465E-09;7.89827E-10
770;Ozone;Air;high. pop.;kg;2.97121E-12;x;2.7572E-12;2.14005E-13
771;Ozone;Air;low. pop.;kg;2.72562E-14;x;2.132E-14;5.93624E-15
772;PAH, polycyclic aromatic hydrocarbons;Air;;kg;1.32489E-10;x;1.08897E-10;2.35919E-11
773;PAH, polycyclic aromatic hydrocarbons;Air;high. pop.;kg;1.74673E-11;x;1.45303E-11;2.93697E-12
774;PAH, polycyclic aromatic hydrocarbons;Air;low. pop.;kg;5.95745E-11;x;3.90762E-11;2.04983E-11
775;PAH, polycyclic aromatic hydrocarbons;Eau;ocean;kg;4.13767E-10;x;2.86196E-10;1.2757E-10
776;PAH, polycyclic aromatic hydrocarbons;Eau;river;kg;5.83571E-10;x;3.44459E-10;2.39112E-10
777;Particulates, < 2.5 um;Air;;kg;1.0665E-06;x;3.81213E-08;1.02838E-06
778;Particulates, < 2.5 um;Air;high. pop.;kg;1.85359E-07;x;1.39649E-07;4.57107E-08
779;Particulates, < 2.5 um;Air;low. pop.;kg;6.26728E-07;x;5.17475E-07;1.09253E-07
780;Particulates, < 2.5 um;Air;stratosphere + troposphere;kg;4.50686E-15;x;4.31291E-15;1.93947E-16
781;Particulates, > 10 um;Air;;kg;2.24032E-07;x;8.41317E-09;2.15619E-07
782;Particulates, > 10 um;Air;high. pop.;kg;7.53991E-08;x;5.39032E-08;2.14959E-08
783;Particulates, > 10 um;Air;low. pop.;kg;5.64736E-07;x;4.5317E-07;1.11566E-07
784;Particulates, > 2.5 um, and < 10um;Air;;kg;2.4942E-07;x;9.52788E-09;2.39892E-07
785;Particulates, > 2.5 um, and < 10um;Air;high. pop.;kg;3.83718E-08;x;3.26438E-08;5.72803E-09
786;Particulates, > 2.5 um, and < 10um;Air;low. pop.;kg;3.7148E-07;x;3.27948E-07;4.35315E-08
787;Pd, Pd 2.0E-4%, Pt 4.8E-4%, Rh 2.4E-5%, Ni 3.7E-2%, Cu 5.2E-2% in ore, in ground;Brut;in ground;kg;3.99848E-11;x;3.89452E-11;1.03966E-12
788;Pd, Pd 7.3E-4%, Pt 2.5E-4%, Rh 2.0E-5%, Ni 2.3E+0%, Cu 3.2E+0% in ore, in ground;Brut;in ground;kg;9.60907E-11;x;9.35922E-11;2.49852E-12
789;Peat;Brut;biotic;kg;6.86422E-07;x;6.85839E-07;5.83005E-10
790;Pentane;Air;;kg;4.99826E-13;x;4.03399E-13;9.64272E-14
791;Pentane;Air;high. pop.;kg;2.12721E-07;x;1.25535E-07;8.71861E-08
792;Pentane;Air;low. pop.;kg;2.81717E-10;x;2.06859E-10;7.48584E-11
793;Phenol;Air;;kg;4.88524E-13;x;4.22183E-13;6.63409E-14
794;Phenol;Air;high. pop.;kg;1.6764E-11;x;1.6208E-11;5.5599E-13
795;Phenol;Air;low. pop.;kg;2.14311E-11;x;1.48232E-11;6.60789E-12
796;Phenol;Eau;;kg;1.36567E-10;x;1.35225E-10;1.34288E-12
797;Phenol;Eau;ocean;kg;6.5274E-09;x;4.51471E-09;2.0127E-09
798;Phenol;Eau;river;kg;9.84714E-09;x;5.81377E-09;4.03337E-09
799;Phenol, 2,4-dichloro-;Air;high. pop.;kg;1.94274E-16;x;1.26189E-16;6.80846E-17
800;Phenol, pentachloro-;Air;high. pop.;kg;1.40252E-15;x;1.08724E-15;3.15282E-16
801;Phenol, pentachloro-;Air;low. pop.;kg;2.14933E-12;x;1.57118E-12;5.78147E-13
802;Phosphate;Eau;groundwater;kg;1.33166E-07;x;1.01868E-07;3.12974E-08
803;Phosphate;Eau;ocean;kg;1.48267E-09;x;1.008E-09;4.74666E-10
804;Phosphate;Eau;river;kg;1.32444E-09;x;1.19157E-09;1.32871E-10
805;Phosphine;Air;high. pop.;kg;5.48234E-17;x;4.37344E-17;1.10889E-17
806;Phosphorus;Brut;in ground;kg;1.36066E-08;x;9.24619E-09;4.36043E-09
807;Phosphorus;Air;;kg;4.18684E-13;x;4.13987E-13;4.69652E-15
808;Phosphorus;Air;high. pop.;kg;7.16925E-11;x;6.4795E-11;6.89747E-12
809;Phosphorus;Air;low. pop.;kg;2.0164E-12;x;1.57877E-12;4.37622E-13
810;Phosphorus;Eau;;kg;1.3656E-10;x;1.35217E-10;1.34264E-12
811;Phosphorus;Eau;groundwater;kg;2.99413E-13;x;2.0061E-13;9.88025E-14
812;Phosphorus;Eau;ocean;kg;4.18415E-10;x;2.91192E-10;1.27223E-10
813;Phosphorus;Eau;river;kg;5.0359E-10;x;2.87277E-10;2.16313E-10
814;Phosphorus;Sol;agricultural;kg;1.28409E-10;x;1.03524E-10;2.48845E-11
815;Phosphorus;Sol;industrial;kg;3.81476E-09;x;2.50239E-09;1.31236E-09
816;Phosphorus, 18% in apatite, 4% in crude ore, in ground;Brut;in ground;kg;3.0809E-08;x;2.09544E-08;9.85457E-09
817;Pirimicarb;Sol;agricultural;kg;6.46389E-15;x;2.64792E-15;3.81597E-15
818;Platinum;Air;high. pop.;kg;5.33945E-18;x;2.33516E-18;3.00429E-18
819;Platinum;Air;low. pop.;kg;1.12234E-16;x;8.0777E-17;3.1457E-17
820;Plutonium-238;Air;low. pop.;Bq;1.14025E-12;x;8.1999E-13;3.20261E-13
821;Plutonium-alpha;Air;low. pop.;Bq;2.61389E-12;x;1.87974E-12;7.34148E-13
822;Polonium-210;Air;;Bq;1.02994E-13;x;7.25447E-14;3.0449E-14
823;Polonium-210;Air;high. pop.;Bq;5.26955E-05;x;5.21624E-05;5.33069E-07
824;Polonium-210;Air;low. pop.;Bq;7.47072E-05;x;5.43027E-05;2.04046E-05
825;Polonium-210;Eau;groundwater;Bq;1.13171E-07;x;7.69804E-08;3.61903E-08
826;Polonium-210;Eau;ocean;Bq;0.000134128;x;9.11879E-05;4.29398E-05
827;Polonium-210;Eau;river;Bq;1.89536E-05;x;1.3996E-05;4.95765E-06
828;Polychlorinated biphenyls;Air;;kg;8.29961E-13;x;6.91599E-13;1.38362E-13
829;Polychlorinated biphenyls;Air;high. pop.;kg;2.31009E-18;x;1.84292E-18;4.67171E-19
830;Potassium;Air;high. pop.;kg;3.12207E-09;x;2.66064E-09;4.61428E-10
831;Potassium;Air;low. pop.;kg;3.48043E-11;x;2.82049E-11;6.59938E-12
832;Potassium;Sol;agricultural;kg;7.1412E-10;x;5.75731E-10;1.38388E-10
833;Potassium;Sol;industrial;kg;2.67026E-08;x;1.7516E-08;9.18656E-09
834;Potassium-40;Air;;Bq;1.38637E-14;x;9.76508E-15;4.09861E-15
835;Potassium-40;Air;high. pop.;Bq;8.36946E-06;x;8.2848E-06;8.46599E-08
836;Potassium-40;Air;low. pop.;Bq;9.37581E-06;x;6.85907E-06;2.51674E-06
837;Potassium-40;Eau;groundwater;Bq;8.98901E-09;x;6.1145E-09;2.87451E-09
838;Potassium-40;Eau;ocean;Bq;1.06232E-05;x;7.22228E-06;3.40093E-06
839;Potassium-40;Eau;river;Bq;2.37927E-05;x;1.75693E-05;6.22339E-06
840;Potassium chloride;Brut;in ground;kg;2.43253E-09;x;1.64319E-09;7.89341E-10
841;Potassium, ion;Eau;groundwater;kg;2.16078E-08;x;1.59098E-08;5.69801E-09
842;Potassium, ion;Eau;ocean;kg;2.19953E-07;x;1.52147E-07;6.78053E-08
843;Potassium, ion;Eau;river;kg;5.37698E-07;x;3.2142E-07;2.16278E-07
844;Propanal;Air;;kg;1.52555E-20;x;1.23125E-20;2.94305E-21
845;Propanal;Air;high. pop.;kg;1.95957E-13;x;1.27012E-13;6.89452E-14
846;Propanal;Eau;river;kg;1.29733E-16;x;1.01122E-16;2.86115E-17
847;Propane;Air;;kg;3.0641E-13;x;2.47296E-13;5.91142E-14
848;Propane;Air;high. pop.;kg;1.65161E-07;x;9.74056E-08;6.7755E-08
849;Propane;Air;low. pop.;kg;1.02067E-08;x;7.5342E-09;2.67255E-09
850;Propene;Air;;kg;3.61182E-16;x;2.91502E-16;6.96809E-17
851;Propene;Air;high. pop.;kg;8.30713E-09;x;5.05125E-09;3.25588E-09
852;Propene;Air;low. pop.;kg;9.40502E-11;x;7.14091E-11;2.26411E-11
853;Propene;Eau;river;kg;4.68904E-10;x;3.64387E-10;1.04516E-10
854;Propionic acid;Air;;kg;6.95412E-15;x;5.61252E-15;1.3416E-15
855;Propionic acid;Air;high. pop.;kg;3.09676E-11;x;2.6155E-11;4.8126E-12
856;Propionic acid;Eau;river;kg;5.15957E-16;x;3.23346E-16;1.92611E-16
857;Propylamine;Air;high. pop.;kg;2.16261E-17;x;1.68563E-17;4.76974E-18
858;Propylamine;Eau;river;kg;5.19024E-17;x;4.04552E-17;1.14472E-17
859;Propylene oxide;Air;high. pop.;kg;5.65854E-11;x;5.0117E-11;6.46839E-12
860;Propylene oxide;Eau;river;kg;1.36154E-10;x;1.20591E-10;1.55639E-11
861;Protactinium-234;Air;low. pop.;Bq;1.15234E-06;x;8.18793E-07;3.33552E-07
862;Protactinium-234;Eau;river;Bq;2.12421E-05;x;1.50934E-05;6.14878E-06
863;Pt, Pt 2.5E-4%, Pd 7.3E-4%, Rh 2.0E-5%, Ni 2.3E+0%, Cu 3.2E+0% in ore, in ground;Brut;in ground;kg;9.24495E-13;x;8.99336E-13;2.51587E-14
864;Pt, Pt 4.8E-4%, Pd 2.0E-4%, Rh 2.4E-5%, Ni 3.7E-2%, Cu 5.2E-2% in ore, in ground;Brut;in ground;kg;3.31416E-12;x;3.22397E-12;9.01896E-14
865;Radioactive species, alpha emitters;Eau;river;Bq;2.63366E-07;x;1.78972E-07;8.43944E-08
866;Radioactive species, Nuclides, unspecified;Eau;ocean;Bq;0.008117069;x;0.005837345;0.002279724
867;Radioactive species, Nuclides, unspecified;Eau;river;Bq;2.42241E-05;x;1.70168E-05;7.20736E-06
868;Radioactive species, other beta emitters;Air;high. pop.;Bq;7.26303E-05;x;2.45113E-05;4.8119E-05
869;Radioactive species, other beta emitters;Air;low. pop.;Bq;4.5935E-08;x;3.32146E-08;1.27204E-08
870;Radium-224;Eau;ocean;Bq;0.002607459;x;0.001803058;0.000804401
871;Radium-224;Eau;river;Bq;0.006038613;x;0.003563345;0.002475268
872;Radium-226;Air;;Bq;1.45475E-14;x;1.02468E-14;4.30075E-15
873;Radium-226;Air;high. pop.;Bq;7.43957E-06;x;7.36431E-06;7.52557E-08
874;Radium-226;Air;low. pop.;Bq;4.82332E-05;x;3.44306E-05;1.38026E-05
875;Radium-226;Eau;;Bq;5.27013E-08;x;4.25338E-08;1.01674E-08
876;Radium-226;Eau;groundwater;Bq;8.34229E-08;x;5.6746E-08;2.66769E-08
877;Radium-226;Eau;ocean;Bq;0.004270722;x;0.002952008;0.001318714
878;Radium-226;Eau;river;Bq;0.022885842;x;0.015097927;0.007787915
879;Radium-228;Air;;Bq;4.31037E-15;x;3.03606E-15;1.27431E-15
880;Radium-228;Air;high. pop.;Bq;4.02978E-05;x;3.98903E-05;4.07449E-07
881;Radium-228;Air;low. pop.;Bq;3.54341E-06;x;2.58882E-06;9.5459E-07
882;Radium-228;Eau;;Bq;7.41589E-08;x;5.9852E-08;1.4307E-08
883;Radium-228;Eau;ocean;Bq;0.005214754;x;0.003605969;0.001608785
884;Radium-228;Eau;river;Bq;0.012076905;x;0.007126542;0.004950362
885;Radon-220;Air;;Bq;3.02556E-13;x;2.13109E-13;8.94469E-14
886;Radon-220;Air;high. pop.;Bq;6.20031E-07;x;6.13728E-07;6.30321E-09
887;Radon-220;Air;low. pop.;Bq;0.000434549;x;0.000319383;0.000115166
888;Radon-222;Air;;Bq;1.69929E-13;x;1.19692E-13;5.02376E-14
889;Radon-222;Air;high. pop.;Bq;6.19999E-07;x;6.13707E-07;6.2921E-09
890;Radon-222;Air;low. pop.;Bq;3.645534828;x;2.580003641;1.065531187
891;Rh, Rh 2.0E-5%, Pt 2.5E-4%, Pd 7.3E-4%, Ni 2.3E+0%, Cu 3.2E+0% in ore, in ground;Brut;in ground;kg;9.13786E-13;x;8.90024E-13;2.37619E-14
892;Rh, Rh 2.4E-5%, Pt 4.8E-4%, Pd 2.0E-4%, Ni 3.7E-2%, Cu 5.2E-2% in ore, in ground;Brut;in ground;kg;2.86215E-12;x;2.78772E-12;7.44246E-14
893;Rhenium;Brut;in ground;kg;4.73011E-12;x;4.68643E-12;4.36824E-14
894;Rubidium;Eau;ocean;kg;5.21475E-10;x;3.60597E-10;1.60879E-10
895;Rubidium;Eau;river;kg;1.20769E-09;x;7.12654E-10;4.95036E-10
896;Ruthenium-103;Air;low. pop.;Bq;2.3503E-12;x;9.8915E-13;1.36115E-12
897;Ruthenium-103;Eau;river;Bq;2.28352E-09;x;9.61042E-10;1.32248E-09
898;Sand;Brut;in ground;kg;2.77058E-09;x;2.45856E-09;3.1202E-10
899;Scandium;Air;high. pop.;kg;7.81125E-13;x;7.73226E-13;7.89913E-15
900;Scandium;Air;low. pop.;kg;8.97834E-14;x;6.95402E-14;2.02432E-14
901;Scandium;Eau;groundwater;kg;1.27213E-11;x;9.31721E-12;3.40406E-12
902;Scandium;Eau;river;kg;1.33677E-11;x;1.11076E-11;2.26012E-12
903;Selenium;Air;;kg;1.01099E-11;x;9.33204E-14;1.00166E-11
904;Selenium;Air;high. pop.;kg;6.48433E-11;x;4.90285E-11;1.58148E-11
905;Selenium;Air;low. pop.;kg;3.44988E-11;x;2.49026E-11;9.59622E-12
906;Selenium;Air;stratosphere + troposphere;kg;1.18601E-18;x;1.13497E-18;5.10392E-20
907;Selenium;Eau;;kg;8.8464E-17;x;7.13974E-17;1.70666E-17
908;Selenium;Eau;groundwater;kg;2.68809E-11;x;1.97357E-11;7.14524E-12
909;Selenium;Eau;ocean;kg;1.62102E-11;x;1.1281E-11;4.92919E-12
910;Selenium;Eau;river;kg;3.31109E-11;x;2.26234E-11;1.04875E-11
911;Shale;Brut;in ground;kg;2.46826E-10;x;2.34522E-10;1.2304E-11
912;Silicon;Air;;kg;6.69825E-18;x;4.59776E-18;2.10049E-18
913;Silicon;Air;high. pop.;kg;9.8949E-09;x;9.76479E-09;1.30114E-10
914;Silicon;Air;low. pop.;kg;6.58867E-10;x;5.71353E-10;8.75141E-11
915;Silicon;Eau;groundwater;kg;1.72246E-08;x;1.26761E-08;4.54852E-09
916;Silicon;Eau;ocean;kg;1.6556E-11;x;1.06668E-11;5.88922E-12
917;Silicon;Eau;river;kg;6.57635E-08;x;6.38402E-08;1.92334E-09
918;Silicon;Sol;agricultural;kg;1.48466E-09;x;1.26664E-09;2.18013E-10
919;Silicon;Sol;industrial;kg;7.62929E-09;x;5.00464E-09;2.62466E-09
920;Silicon tetrafluoride;Air;low. pop.;kg;2.32801E-13;x;1.58354E-13;7.44472E-14
921;Silver;Air;high. pop.;kg;3.84543E-14;x;2.7304E-14;1.11503E-14
922;Silver;Air;low. pop.;kg;1.4965E-16;x;1.18369E-16;3.12818E-17
923;Silver-110;Air;low. pop.;Bq;2.32933E-11;x;9.80322E-12;1.34901E-11
924;Silver-110;Eau;river;Bq;1.57938E-05;x;9.13851E-06;6.65525E-06
925;Silver, 0.007% in sulfide, Ag 0.004%, Pb, Zn, Cd, In, in ground;Brut;in ground;kg;5.17618E-12;x;4.11155E-12;1.06463E-12
926;Silver, 3.2ppm in sulfide, Ag 1.2ppm, Cu and Te, in crude ore, in ground;Brut;in ground;kg;3.69495E-12;x;2.93485E-12;7.60105E-13
927;Silver, Ag 2.1E-4%, Au 2.1E-4%, in ore, in ground;Brut;in ground;kg;3.4093E-13;x;2.70814E-13;7.01164E-14
928;Silver, Ag 4.2E-3%, Au 1.1E-4%, in ore, in ground;Brut;in ground;kg;7.78651E-13;x;6.18512E-13;1.60139E-13
929;Silver, Ag 4.6E-5%, Au 1.3E-4%, in ore, in ground;Brut;in ground;kg;7.63202E-13;x;6.06239E-13;1.56962E-13
930;Silver, Ag 9.7E-4%, Au 9.7E-4%, Zn 0.63%, Cu 0.38%, Pb 0.014%, in ore, in ground;Brut;in ground;kg;5.03607E-13;x;4.00035E-13;1.03572E-13
931;Silver, ion;Eau;;kg;8.34455E-14;x;6.73472E-14;1.60983E-14
932;Silver, ion;Eau;groundwater;kg;7.95535E-13;x;6.04729E-13;1.90807E-13
933;Silver, ion;Eau;ocean;kg;3.1288E-11;x;2.16352E-11;9.65278E-12
934;Silver, ion;Eau;river;kg;1.15371E-10;x;6.45083E-11;5.08622E-11
935;Sodium;Air;;kg;3.15115E-14;x;2.09366E-14;1.0575E-14
936;Sodium;Air;high. pop.;kg;3.93655E-09;x;2.9919E-09;9.44648E-10
937;Sodium;Air;low. pop.;kg;1.80251E-11;x;1.42692E-11;3.75593E-12
938;Sodium;Sol;;kg;2.64733E-10;x;6.82694E-11;1.96463E-10
939;Sodium;Sol;industrial;kg;1.52589E-07;x;1.00094E-07;5.24949E-08
940;Sodium-24;Eau;river;Bq;8.18823E-08;x;3.44608E-08;4.74215E-08
941;Sodium chlorate;Air;high. pop.;kg;2.59723E-12;x;1.76347E-12;8.33759E-13
942;Sodium chloride;Brut;in ground;kg;2.30312E-06;x;1.57593E-06;7.2719E-07
943;Sodium dichromate;Air;high. pop.;kg;1.2766E-12;x;8.06493E-13;4.70103E-13
944;Sodium formate;Air;high. pop.;kg;8.96555E-14;x;8.49095E-14;4.74597E-15
945;Sodium formate;Eau;river;kg;2.15395E-13;x;2.03993E-13;1.14019E-14
946;Sodium hydroxide;Air;high. pop.;kg;6.36794E-13;x;5.07932E-13;1.28863E-13
947;Sodium nitrate;Brut;in ground;kg;1.92897E-15;x;1.76453E-15;1.64448E-16
948;Sodium sulphate;Brut;in ground;kg;6.32668E-08;x;4.28778E-08;2.03889E-08
949;Sodium, ion;Eau;;kg;6.17725E-08;x;1.7226E-08;4.45465E-08
950;Sodium, ion;Eau;groundwater;kg;4.96114E-08;x;3.67079E-08;1.29035E-08
951;Sodium, ion;Eau;ocean;kg;1.59676E-05;x;1.10429E-05;4.92468E-06
952;Sodium, ion;Eau;river;kg;3.68697E-05;x;2.17764E-05;1.50933E-05
953;Solids, inorganic;Eau;groundwater;kg;3.82517E-07;x;2.79639E-07;1.02878E-07
954;Solids, inorganic;Eau;river;kg;3.14253E-08;x;2.26296E-08;8.79565E-09
955;Solved solids;Eau;;kg;1.76929E-09;x;1.42796E-09;3.41325E-10
956;Solved solids;Eau;groundwater;kg;1.94124E-08;x;1.58083E-08;3.60411E-09
957;Solved solids;Eau;river;kg;2.82267E-08;x;2.41281E-08;4.09861E-09
958;Stibnite;Brut;in ground;kg;4.70593E-15;x;1.58816E-15;3.11777E-15
959;Strontium;Air;;kg;5.13935E-20;x;3.61997E-20;1.51938E-20
960;Strontium;Air;high. pop.;kg;1.17795E-10;x;1.16603E-10;1.19223E-12
961;Strontium;Air;low. pop.;kg;4.15943E-11;x;3.05966E-11;1.09976E-11
962;Strontium;Eau;;kg;2.17082E-12;x;1.75202E-12;4.18797E-13
963;Strontium;Eau;groundwater;kg;1.3303E-09;x;1.03131E-09;2.98989E-10
964;Strontium;Eau;ocean;kg;9.46208E-08;x;6.54333E-08;2.91875E-08
965;Strontium;Eau;river;kg;2.18584E-07;x;1.28974E-07;8.961E-08
966;Strontium;Sol;agricultural;kg;8.06692E-12;x;4.72966E-12;3.33726E-12
967;Strontium;Sol;industrial;kg;7.62929E-10;x;5.00464E-10;2.62466E-10
968;Strontium-89;Eau;river;Bq;3.10703E-07;x;1.76016E-07;1.34687E-07
969;Strontium-90;Eau;ocean;Bq;0.00017297;x;0.00012439;4.85806E-05
970;Strontium-90;Eau;river;Bq;0.010683063;x;0.007770728;0.002912335
971;Styrene;Air;;kg;1.00399E-21;x;8.10306E-22;1.93687E-22
972;Styrene;Air;high. pop.;kg;3.72886E-12;x;2.45732E-12;1.27154E-12
973;Styrene;Air;low. pop.;kg;2.84112E-14;x;2.07489E-14;7.6623E-15
974;Sulfate;Air;;kg;1.05018E-12;x;7.17421E-13;3.32754E-13
975;Sulfate;Air;high. pop.;kg;7.69968E-09;x;5.311E-09;2.38869E-09
976;Sulfate;Air;low. pop.;kg;8.66695E-11;x;6.15819E-11;2.50876E-11
977;Sulfate;Eau;;kg;1.07759E-10;x;7.40763E-11;3.36831E-11
978;Sulfate;Eau;groundwater;kg;1.34344E-06;x;1.01648E-06;3.26959E-07
979;Sulfate;Eau;ocean;kg;2.92937E-07;x;2.02485E-07;9.04516E-08
980;Sulfate;Eau;river;kg;7.7244E-07;x;6.05671E-07;1.66769E-07
981;Sulfide;Eau;ocean;kg;1.11111E-10;x;7.73449E-11;3.37664E-11
982;Sulfide;Eau;river;kg;1.00633E-10;x;5.4364E-11;4.62694E-11
983;Sulfite;Eau;river;kg;4.98542E-10;x;3.64751E-10;1.3379E-10
984;Sulfur;Brut;in ground;kg;1.22452E-09;x;1.05998E-09;1.64543E-10
985;Sulfur;Eau;;kg;1.0553E-13;x;8.51709E-14;2.03595E-14
986;Sulfur;Eau;ocean;kg;7.33797E-10;x;5.07803E-10;2.25994E-10
987;Sulfur;Eau;river;kg;2.79429E-08;x;1.91319E-08;8.81092E-09
988;Sulfur;Sol;agricultural;kg;3.30159E-10;x;3.02763E-10;2.73952E-11
989;Sulfur;Sol;industrial;kg;4.5777E-08;x;3.00287E-08;1.57483E-08
990;Sulfur dioxide;Air;;kg;1.80723E-07;x;5.80802E-08;1.22643E-07
991;Sulfur dioxide;Air;high. pop.;kg;3.90684E-06;x;3.06595E-06;8.4089E-07
992;Sulfur dioxide;Air;low. pop.;kg;9.63346E-06;x;7.24061E-06;2.39285E-06
993;Sulfur dioxide;Air;stratosphere + troposphere;kg;1.18601E-13;x;1.13497E-13;5.10392E-15
994;Sulfur hexafluoride;Air;;kg;6.21866E-11;x;5.09747E-11;1.12119E-11
995;Sulfur hexafluoride;Air;low. pop.;kg;4.76483E-09;x;4.76483E-09;5.04787E-15
996;Sulfur trioxide;Air;high. pop.;kg;1.42397E-14;x;9.54713E-15;4.69253E-15
997;Sulfuric acid;Air;high. pop.;kg;1.33586E-13;x;1.06524E-13;2.70621E-14
998;Sulfuric acid;Air;low. pop.;kg;2.36805E-16;x;1.68215E-16;6.85895E-17
999;Sulfuric acid;Sol;agricultural;kg;8.22344E-17;x;6.5601E-17;1.66334E-17
1000;Suspended solids, unspecified;Eau;;kg;1.33098E-08;x;1.09449E-08;2.36492E-09
1001;Suspended solids, unspecified;Eau;ocean;kg;2.06914E-06;x;1.43541E-06;6.33739E-07
1002;Suspended solids, unspecified;Eau;river;kg;1.52374E-07;x;9.46984E-08;5.76759E-08
1003;t-Butyl methyl ether;Air;high. pop.;kg;3.54524E-08;x;3.54524E-08;7.48185E-14
1004;t-Butyl methyl ether;Eau;ocean;kg;3.42683E-10;x;2.38482E-10;1.042E-10
1005;t-Butyl methyl ether;Eau;river;kg;5.43821E-10;x;5.4382E-10;1.38463E-15
1006;t-Butylamine;Air;high. pop.;kg;7.91815E-17;x;3.80479E-17;4.11336E-17
1007;t-Butylamine;Eau;river;kg;1.9004E-16;x;9.1316E-17;9.87244E-17
1008;Talc;Brut;in ground;kg;1.87192E-09;x;1.83925E-09;3.26699E-11
1009;Tantalum;Brut;in ground;kg;4.05547E-12;x;3.22403E-12;8.31434E-13
1010;Tebutam;Sol;agricultural;kg;2.07069E-14;x;9.17522E-15;1.15317E-14
1011;Technetium-99m;Eau;river;Bq;2.49864E-07;x;1.05535E-07;1.44329E-07
1012;Teflubenzuron;Sol;agricultural;kg;2.62874E-15;x;2.20337E-15;4.25373E-16
1013;Tellurium;Brut;in ground;kg;5.54238E-13;x;4.4022E-13;1.14017E-13
1014;Tellurium-123m;Eau;river;Bq;2.49336E-07;x;1.80353E-07;6.89834E-08
1015;Tellurium-132;Eau;river;Bq;6.26607E-10;x;2.63715E-10;3.62892E-10
1016;Terpenes;Air;low. pop.;kg;1.54981E-12;x;1.03836E-12;5.1145E-13
1017;Thallium;Air;;kg;1.73938E-13;x;1.05409E-13;6.85288E-14
1018;Thallium;Air;high. pop.;kg;9.80481E-13;x;9.70299E-13;1.01822E-14
1019;Thallium;Air;low. pop.;kg;1.71726E-14;x;1.36759E-14;3.49671E-15
1020;Thallium;Eau;;kg;9.46127E-17;x;7.63597E-17;1.82531E-17
1021;Thallium;Eau;groundwater;kg;8.31644E-14;x;6.58866E-14;1.72778E-14
1022;Thallium;Eau;river;kg;9.52032E-13;x;6.97061E-13;2.5497E-13
1023;Thiram;Sol;agricultural;kg;7.05588E-15;x;4.7274E-15;2.32848E-15
1024;Thorium;Air;high. pop.;kg;1.17791E-12;x;1.166E-12;1.19077E-14
1025;Thorium;Air;low. pop.;kg;6.40804E-14;x;5.12774E-14;1.2803E-14
1026;Thorium-228;Air;;Bq;2.32099E-15;x;1.63481E-15;6.86173E-16
1027;Thorium-228;Air;high. pop.;Bq;3.40971E-06;x;3.37522E-06;3.44917E-08
1028;Thorium-228;Air;low. pop.;Bq;1.90862E-06;x;1.39439E-06;5.14226E-07
1029;Thorium-228;Eau;groundwater;Bq;9.11826E-10;x;6.20245E-10;2.91581E-10
1030;Thorium-228;Eau;ocean;Bq;0.010430577;x;0.007212694;0.003217883
1031;Thorium-228;Eau;river;Bq;0.024153983;x;0.014253085;0.009900898
1032;Thorium-230;Air;low. pop.;Bq;4.68146E-06;x;3.31331E-06;1.36815E-06
1033;Thorium-230;Eau;river;Bq;0.002898327;x;0.002059397;0.000838929
1034;Thorium-232;Air;;Bq;3.64729E-15;x;2.56902E-15;1.07827E-15
1035;Thorium-232;Air;high. pop.;Bq;2.16983E-06;x;2.14788E-06;2.19488E-08
1036;Thorium-232;Air;low. pop.;Bq;3.00138E-06;x;2.1925E-06;8.08878E-07
1037;Thorium-232;Eau;river;Bq;4.43587E-06;x;3.27559E-06;1.16028E-06
1038;Thorium-234;Air;low. pop.;Bq;1.15258E-06;x;8.1896E-07;3.33622E-07
1039;Thorium-234;Eau;river;Bq;2.12445E-05;x;1.5095E-05;6.14948E-06
1040;Tin;Brut;in ground;kg;2.98715E-10;x;2.4597E-10;5.27448E-11
1041;Tin;Air;;kg;1.30729E-12;x;9.84751E-13;3.22534E-13
1042;Tin;Air;high. pop.;kg;4.98179E-13;x;4.6072E-13;3.74587E-14
1043;Tin;Air;low. pop.;kg;2.10001E-10;x;2.0752E-10;2.48099E-12
1044;Tin;Sol;agricultural;kg;2.70119E-13;x;2.64825E-13;5.29426E-15
1045;Tin, ion;Eau;;kg;4.3797E-15;x;3.53476E-15;8.44933E-16
1046;Tin, ion;Eau;groundwater;kg;5.07996E-13;x;4.1486E-13;9.31357E-14
1047;Tin, ion;Eau;river;kg;4.37456E-12;x;4.00825E-12;3.66311E-13
1048;TiO2, 54% in ilmenite, 2.6% in crude ore, in ground;Brut;in ground;kg;1.43383E-07;x;9.48862E-08;4.84973E-08
1049;TiO2, 95% in rutile, 0.40% in crude ore, in ground;Brut;in ground;kg;1.23396E-13;x;7.40662E-14;4.93301E-14
1050;Titanium;Air;;kg;5.81845E-13;x;4.65553E-13;1.16292E-13
1051;Titanium;Air;high. pop.;kg;2.36303E-10;x;2.33113E-10;3.19047E-12
1052;Titanium;Air;low. pop.;kg;9.87008E-12;x;7.89799E-12;1.97209E-12
1053;Titanium;Sol;agricultural;kg;1.80819E-11;x;1.45777E-11;3.50417E-12
1054;Titanium, ion;Eau;;kg;6.87646E-15;x;5.54986E-15;1.32659E-15
1055;Titanium, ion;Eau;groundwater;kg;1.02905E-11;x;7.64086E-12;2.64964E-12
1056;Titanium, ion;Eau;ocean;kg;2.52335E-12;x;1.61476E-12;9.08593E-13
1057;Titanium, ion;Eau;river;kg;4.06728E-11;x;3.40668E-11;6.60598E-12
1058;TOC, Total Organic Carbon;Eau;;kg;4.54793E-09;x;4.27988E-09;2.68053E-10
1059;TOC, Total Organic Carbon;Eau;ocean;kg;1.90201E-06;x;1.26965E-06;6.32351E-07
1060;TOC, Total Organic Carbon;Eau;river;kg;8.56582E-06;x;5.83011E-06;2.7357E-06
1061;Toluene;Air;;kg;1.18571E-08;x;3.16176E-11;1.18255E-08
1062;Toluene;Air;high. pop.;kg;5.98074E-08;x;4.98468E-08;9.96059E-09
1063;Toluene;Air;low. pop.;kg;4.87502E-10;x;3.31043E-10;1.56459E-10
1064;Toluene;Eau;;kg;6.31167E-14;x;5.09401E-14;1.21766E-14
1065;Toluene;Eau;ocean;kg;7.95791E-09;x;5.50693E-09;2.45098E-09
1066;Toluene;Eau;river;kg;1.38985E-08;x;8.12972E-09;5.7688E-09
1067;Toluene, 2-chloro-;Air;high. pop.;kg;5.38084E-16;x;3.56837E-16;1.81247E-16
1068;Toluene, 2-chloro-;Eau;river;kg;1.10891E-15;x;7.39724E-16;3.69191E-16
1069;Transformation, from arable;Brut;land;m2;7.6607E-10;x;6.72096E-10;9.39738E-11
1070;Transformation, from arable, non-irrigated;Brut;land;m2;6.75129E-08;x;2.99171E-08;3.75958E-08
1071;Transformation, from arable, non-irrigated, fallow;Brut;land;m2;1.68913E-10;x;1.60667E-10;8.2465E-12
1072;Transformation, from dump site, inert material landfill;Brut;land;m2;2.90591E-09;x;2.41971E-09;4.86205E-10
1073;Transformation, from dump site, residual material landfill;Brut;land;m2;1.14456E-08;x;1.10941E-08;3.5151E-10
1074;Transformation, from dump site, sanitary landfill;Brut;land;m2;6.98181E-11;x;4.99323E-11;1.98858E-11
1075;Transformation, from dump site, slag compartment;Brut;land;m2;1.05226E-11;x;6.85102E-12;3.67161E-12
1076;Transformation, from forest;Brut;land;m2;3.30334E-06;x;2.17154E-06;1.13179E-06
1077;Transformation, from forest, extensive;Brut;land;m2;1.11519E-07;x;9.47336E-08;1.67859E-08
1078;Transformation, from forest, intensive, clear-cutting;Brut;land;m2;1.7106E-09;x;1.14609E-09;5.64509E-10
1079;Transformation, from industrial area;Brut;land;m2;1.81024E-09;x;1.24067E-09;5.69575E-10
1080;Transformation, from industrial area, benthos;Brut;land;m2;1.74234E-12;x;1.48254E-12;2.59794E-13
1081;Transformation, from industrial area, built up;Brut;land;m2;1.09939E-11;x;7.47824E-12;3.51562E-12
1082;Transformation, from industrial area, vegetation;Brut;land;m2;1.8754E-11;x;1.27568E-11;5.99714E-12
1083;Transformation, from mineral extraction site;Brut;land;m2;7.98034E-09;x;6.03341E-09;1.94694E-09
1084;Transformation, from pasture and meadow;Brut;land;m2;2.91863E-08;x;2.67818E-08;2.40448E-09
1085;Transformation, from pasture and meadow, intensive;Brut;land;m2;5.50936E-11;x;2.44121E-11;3.06815E-11
1086;Transformation, from sea and ocean;Brut;land;m2;9.17826E-07;x;6.36743E-07;2.81083E-07
1087;Transformation, from shrub land, sclerophyllous;Brut;land;m2;1.86506E-08;x;1.73346E-08;1.31602E-09
1088;Transformation, from tropical rain forest;Brut;land;m2;1.7106E-09;x;1.14609E-09;5.64509E-10
1089;Transformation, from unknown;Brut;land;m2;1.55587E-07;x;1.01374E-07;5.42126E-08
1090;Transformation, to arable;Brut;land;m2;8.44332E-09;x;6.65636E-09;1.78696E-09
1091;Transformation, to arable, non-irrigated;Brut;land;m2;6.75697E-08;x;2.99427E-08;3.7627E-08
1092;Transformation, to arable, non-irrigated, fallow;Brut;land;m2;2.22351E-10;x;2.02403E-10;1.99482E-11
1093;Transformation, to dump site;Brut;land;m2;8.90949E-09;x;7.76911E-09;1.14038E-09
1094;Transformation, to dump site, benthos;Brut;land;m2;9.17477E-07;x;6.36515E-07;2.80962E-07
1095;Transformation, to dump site, inert material landfill;Brut;land;m2;2.90591E-09;x;2.41971E-09;4.86205E-10
1096;Transformation, to dump site, residual material landfill;Brut;land;m2;1.14457E-08;x;1.10942E-08;3.5151E-10
1097;Transformation, to dump site, sanitary landfill;Brut;land;m2;6.98181E-11;x;4.99323E-11;1.98858E-11
1098;Transformation, to dump site, slag compartment;Brut;land;m2;1.05226E-11;x;6.85102E-12;3.67161E-12
1099;Transformation, to forest;Brut;land;m2;1.62028E-08;x;1.48517E-08;1.35118E-09
1100;Transformation, to forest, intensive;Brut;land;m2;2.9618E-09;x;2.65085E-09;3.10944E-10
1101;Transformation, to forest, intensive, clear-cutting;Brut;land;m2;1.7106E-09;x;1.14609E-09;5.64509E-10
1102;Transformation, to forest, intensive, normal;Brut;land;m2;1.0636E-07;x;9.03748E-08;1.59853E-08
1103;Transformation, to forest, intensive, short-cycle;Brut;land;m2;1.7106E-09;x;1.14609E-09;5.64509E-10
1104;Transformation, to heterogeneous, agricultural;Brut;land;m2;1.54832E-07;x;1.00624E-07;5.42074E-08
1105;Transformation, to industrial area;Brut;land;m2;1.56454E-08;x;1.28549E-08;2.79053E-09
1106;Transformation, to industrial area, benthos;Brut;land;m2;3.37569E-10;x;2.22554E-10;1.15015E-10
1107;Transformation, to industrial area, built up;Brut;land;m2;2.34935E-08;x;1.92648E-08;4.22874E-09
1108;Transformation, to industrial area, vegetation;Brut;land;m2;1.20663E-08;x;9.20567E-09;2.86063E-09
1109;Transformation, to mineral extraction site;Brut;land;m2;3.16833E-06;x;2.08445E-06;1.08387E-06
1110;Transformation, to pasture and meadow;Brut;land;m2;4.22295E-10;x;3.4196E-10;8.03343E-11
1111;Transformation, to permanent crop, fruit, intensive;Brut;land;m2;9.68538E-10;x;6.48242E-10;3.20296E-10
1112;Transformation, to sea and ocean;Brut;land;m2;1.74234E-12;x;1.48254E-12;2.59794E-13
1113;Transformation, to shrub land, sclerophyllous;Brut;land;m2;1.44319E-08;x;1.35707E-08;8.6126E-10
1114;Transformation, to traffic area, rail embankment;Brut;land;m2;5.4612E-10;x;2.11892E-10;3.34229E-10
1115;Transformation, to traffic area, rail network;Brut;land;m2;6.00277E-10;x;2.32908E-10;3.67369E-10
1116;Transformation, to traffic area, road embankment;Brut;land;m2;1.28816E-09;x;9.80962E-10;3.07196E-10
1117;Transformation, to traffic area, road network;Brut;land;m2;5.83729E-08;x;3.58689E-08;2.2504E-08
1118;Transformation, to unknown;Brut;land;m2;2.18314E-09;x;1.49063E-09;6.92506E-10
1119;Transformation, to urban, discontinuously built;Brut;land;m2;5.3956E-12;x;3.48319E-12;1.91241E-12
1120;Transformation, to water bodies, artificial;Brut;land;m2;9.99054E-09;x;6.74559E-09;3.24495E-09
1121;Transformation, to water courses, artificial;Brut;land;m2;2.29578E-08;x;1.10249E-08;1.19329E-08
1122;Tributyltin compounds;Eau;ocean;kg;1.67049E-10;x;1.07523E-10;5.95255E-11
1123;Triethylene glycol;Eau;ocean;kg;3.21897E-11;x;2.73334E-11;4.85632E-12
1124;Trimethylamine;Air;high. pop.;kg;6.49181E-18;x;2.70326E-18;3.78855E-18
1125;Trimethylamine;Eau;river;kg;1.55801E-17;x;6.48779E-18;9.09235E-18
1126;Tungsten;Air;low. pop.;kg;3.44127E-15;x;2.44517E-15;9.96093E-16
1127;Tungsten;Eau;groundwater;kg;2.43305E-11;x;1.82828E-11;6.04763E-12
1128;Tungsten;Eau;river;kg;1.12185E-11;x;9.13307E-12;2.0854E-12
1129;Ulexite;Brut;in ground;kg;8.6668E-11;x;6.44485E-11;2.22195E-11
1130;Uranium;Brut;in ground;kg;4.77114E-09;x;3.41166E-09;1.35947E-09
1131;Uranium;Air;high. pop.;kg;1.56847E-12;x;1.55261E-12;1.58562E-14
1132;Uranium;Air;low. pop.;kg;3.2581E-14;x;2.60715E-14;6.50951E-15
1133;Uranium-234;Air;low. pop.;Bq;1.38195E-05;x;9.80629E-06;4.01324E-06
1134;Uranium-234;Eau;river;Bq;2.54904E-05;x;1.8112E-05;7.37844E-06
1135;Uranium-235;Air;low. pop.;Bq;6.50016E-07;x;4.61864E-07;1.88152E-07
1136;Uranium-235;Eau;river;Bq;4.20595E-05;x;2.98849E-05;1.21745E-05
1137;Uranium-238;Air;;Bq;1.21229E-14;x;8.53893E-15;3.58399E-15
1138;Uranium-238;Air;high. pop.;Bq;6.19945E-06;x;6.13674E-06;6.27128E-08
1139;Uranium-238;Air;low. pop.;Bq;2.11757E-05;x;1.51777E-05;5.998E-06
1140;Uranium-238;Eau;groundwater;Bq;3.81544E-08;x;2.59533E-08;1.22011E-08
1141;Uranium-238;Eau;ocean;Bq;4.50912E-05;x;3.06555E-05;1.44357E-05
1142;Uranium-238;Eau;river;Bq;7.34252E-05;x;5.24308E-05;2.09945E-05
1143;Uranium alpha;Air;low. pop.;Bq;6.26127E-05;x;4.4488E-05;1.81247E-05
1144;Uranium alpha;Eau;river;Bq;0.001223788;x;0.000869554;0.000354234
1145;Urea;Eau;river;kg;1.57309E-16;x;1.19625E-16;3.76842E-17
1146;Vanadium;Air;;kg;1.6634E-12;x;1.31796E-12;3.45437E-13
1147;Vanadium;Air;high. pop.;kg;3.79018E-09;x;2.71795E-09;1.07223E-09
1148;Vanadium;Air;low. pop.;kg;1.23663E-11;x;9.09602E-12;3.27028E-12
1149;Vanadium;Sol;agricultural;kg;5.17561E-13;x;4.17261E-13;1.003E-13
1150;Vanadium, ion;Eau;;kg;1.08165E-15;x;8.72972E-16;2.08678E-16
1151;Vanadium, ion;Eau;groundwater;kg;1.03973E-11;x;7.59415E-12;2.8032E-12
1152;Vanadium, ion;Eau;ocean;kg;3.2324E-11;x;2.24951E-11;9.82889E-12
1153;Vanadium, ion;Eau;river;kg;7.00891E-11;x;4.60808E-11;2.40083E-11
1154;Vermiculite;Brut;in ground;kg;8.67807E-11;x;8.05542E-11;6.22652E-12
1155;VOC, volatile organic compounds, unspecified origin;Eau;ocean;kg;1.82517E-08;x;1.2621E-08;5.63069E-09
1156;VOC, volatile organic compounds, unspecified origin;Eau;river;kg;4.23229E-08;x;2.49811E-08;1.73418E-08
1157;Volume occupied, final repository for low-active radioactive waste;Brut;in ground;m3;9.65342E-12;x;6.85664E-12;2.79678E-12
1158;Volume occupied, final repository for radioactive waste;Brut;in ground;m3;2.42428E-12;x;1.73396E-12;6.9032E-13
1159;Volume occupied, reservoir;Brut;in water;m3y;7.4399E-06;x;5.59048E-06;1.84942E-06
1160;Volume occupied, underground deposit;Brut;in ground;m3;6.72175E-11;x;5.79884E-11;9.22907E-12
1161;Water;Air;;kg;4.32456E-08;x;3.72353E-08;6.01032E-09
1162;Water;Air;high. pop.;kg;3.13318E-12;x;2.23824E-12;8.94938E-13
1163;Water;Air;low. pop.;kg;2.41984E-11;x;2.3157E-11;1.04136E-12
1164;Water;Air;stratosphere + troposphere;kg;1.47061E-10;x;1.40732E-10;6.32871E-12
1165;Water, cooling, unspecified natural origin/m3;Brut;in water;m3;2.24985E-05;x;1.50918E-05;7.40672E-06
1166;Water, lake;Brut;in water;m3;9.12104E-08;x;8.48267E-08;6.38371E-09
1167;Water, river;Brut;in water;m3;4.46793E-06;x;3.10635E-06;1.36159E-06
1168;Water, salt, ocean;Brut;in water;m3;1.0844E-06;x;7.67916E-07;3.16479E-07
1169;Water, salt, sole;Brut;in water;m3;2.10875E-06;x;1.33573E-06;7.73014E-07
1170;Water, turbine use, unspecified natural origin;Brut;in water;m3;0.006901898;x;0.006138757;0.000763141
1171;Water, unspecified natural origin/m3;Brut;in water;m3;8.14983E-06;x;4.94357E-06;3.20626E-06
1172;Water, well, in ground;Brut;in water;m3;8.32269E-07;x;6.43353E-07;1.88916E-07
1173;Wood, hard, standing;Brut;biotic;m3;7.096E-09;x;6.34039E-09;7.55611E-10
1174;Wood, primary forest, standing;Brut;biotic;m3;1.77121E-11;x;1.18669E-11;5.84514E-12
1175;Wood, soft, standing;Brut;biotic;m3;1.00503E-08;x;8.16101E-09;1.88933E-09
1176;Wood, unspecified, standing/m3;Brut;biotic;m3;1.7629E-13;x;1.42163E-13;3.41273E-14
1177;Xenon-131m;Air;low. pop.;Bq;0.000349108;x;0.000195704;0.000153404
1178;Xenon-133;Air;low. pop.;Bq;0.011469013;x;0.006204947;0.005264065
1179;Xenon-133m;Air;low. pop.;Bq;4.0046E-05;x;2.71318E-05;1.29142E-05
1180;Xenon-135;Air;low. pop.;Bq;0.004674697;x;0.002545752;0.002128946
1181;Xenon-135m;Air;low. pop.;Bq;0.002801619;x;0.001498468;0.001303151
1182;Xenon-137;Air;low. pop.;Bq;6.26362E-05;x;2.84465E-05;3.41898E-05
1183;Xenon-138;Air;low. pop.;Bq;0.000522866;x;0.000252853;0.000270013
1184;Xylene;Air;;kg;8.22946E-09;x;2.54755E-11;8.20399E-09
1185;Xylene;Air;high. pop.;kg;9.36069E-08;x;8.71874E-08;6.41946E-09
1186;Xylene;Air;low. pop.;kg;2.01689E-09;x;1.45255E-09;5.64335E-10
1187;Xylene;Eau;;kg;3.1872E-14;x;2.57232E-14;6.14878E-15
1188;Xylene;Eau;ocean;kg;6.16051E-09;x;4.26042E-09;1.90009E-09
1189;Xylene;Eau;river;kg;1.1438E-08;x;6.74237E-09;4.69565E-09
1190;Zinc;Brut;in ground;kg;1.60054E-07;x;1.32683E-07;2.73709E-08
1191;Zinc;Air;;kg;4.2316E-09;x;5.52361E-10;3.67924E-09
1192;Zinc;Air;high. pop.;kg;2.50185E-10;x;1.81076E-10;6.91083E-11
1193;Zinc;Air;low. pop.;kg;3.62951E-09;x;3.51965E-09;1.09857E-10
1194;Zinc;Air;stratosphere + troposphere;kg;1.18601E-16;x;1.13497E-16;5.10392E-18
1195;Zinc;Sol;;kg;4.92248E-09;x;5.66155E-11;4.86586E-09
1196;Zinc;Sol;agricultural;kg;4.78865E-11;x;3.70109E-11;1.08757E-11
1197;Zinc;Sol;industrial;kg;1.14441E-09;x;7.50703E-10;3.93707E-10
1198;Zinc-65;Air;low. pop.;Bq;4.49967E-10;x;1.89375E-10;2.60592E-10
1199;Zinc-65;Eau;river;Bq;1.11013E-06;x;4.67216E-07;6.42917E-07
1200;Zinc, ion;Eau;;kg;5.0086E-09;x;1.25904E-10;4.88269E-09
1201;Zinc, ion;Eau;groundwater;kg;8.86476E-11;x;6.96623E-11;1.89853E-11
1202;Zinc, ion;Eau;lake;kg;7.376E-18;x;5.87463E-18;1.50137E-18
1203;Zinc, ion;Eau;ocean;kg;3.12651E-08;x;2.1656E-08;9.60906E-09
1204;Zinc, ion;Eau;river;kg;9.27006E-09;x;5.65693E-09;3.61313E-09
1205;Zirconium;Brut;in ground;kg;5.41983E-12;x;4.32201E-12;1.09782E-12
1206;Zirconium;Air;low. pop.;kg;7.89518E-13;x;6.31775E-13;1.57743E-13
1207;Zirconium-95;Air;low. pop.;Bq;4.39834E-10;x;1.85107E-10;2.54727E-10
1208;Zirconium-95;Eau;river;Bq;1.28556E-08;x;5.4104E-09;7.44524E-09
